unique_id,target_date,anchor,day_type,weekday,actual_mean,work_mean,hol_mean,actual_drop_pct,typical_drop_pct,observed_strength,corr_work,corr_hol,n_work_days,n_hol_years,model_mape24_med,model_mpe24_med
SEN_demand_CEL,2025-01-01,New Year's Day,H3,Wednesday,4711.5,6932.0,4801.6,32.03,30.73,1.042,0.585,0.993,7,3,4.738178392598344,-3.390251497859502
SEN_demand_CEL,2025-02-03,Constitution Day,H2,Monday,5834.9,6788.6,5805.2,14.05,14.48,0.97,0.84,0.987,8,5,2.919948911453355,-1.3081097104205341
SEN_demand_CEL,2025-03-17,Benito Juarez's Birthday,H2,Monday,5910.4,6834.4,6015.7,13.52,11.98,1.129,0.855,0.989,8,5,1.8612268280316075,-1.235286294422352
SEN_demand_CEL,2025-04-17,Maundy Thursday,H1,Thursday,6333.0,7221.2,6238.3,12.3,13.61,0.904,0.923,0.987,7,5,4.185606172251909,4.177108925528286
SEN_demand_CEL,2025-04-18,Good Friday,H2,Friday,5822.1,7119.4,5642.8,18.22,20.74,0.879,0.842,0.987,8,5,2.589520172600158,-0.9735398061515506
SEN_demand_CEL,2025-04-19,Holy Saturday,H3,Saturday,5887.0,6698.7,5660.6,12.12,15.5,0.782,0.965,0.988,8,5,2.0971850161591448,1.5747019074520652
SEN_demand_CEL,2025-05-01,Labor Day,H2,Thursday,6316.7,7239.6,6037.9,12.75,16.6,0.768,0.822,0.97,7,5,5.612858411204288,-5.301902363901414
SEN_demand_CEL,2025-09-16,Independence Day,H2,Tuesday,5431.9,6980.5,5556.2,22.18,20.4,1.087,0.773,0.988,8,4,10.41331986873055,-10.41331986873055
SEN_demand_CEL,2025-11-17,Mexican Revolution Day,H2,Monday,6003.4,6816.2,5910.1,11.92,13.29,0.897,0.877,0.995,8,4,3.018231768550647,1.6025556563580774
SEN_demand_CEL,2025-12-24,Christmas Eve,H1,Wednesday,6025.1,7094.7,5838.3,15.07,17.71,0.851,0.802,0.965,7,4,3.589077979840936,-0.34648570937786205
SEN_demand_CEL,2025-12-25,Christmas Day,H2,Thursday,5019.5,7085.1,4882.6,29.15,31.09,0.938,0.679,0.995,7,4,5.046634334218615,-2.784025340415063
SEN_demand_CEL,2025-12-31,New Year's Eve,H1,Wednesday,5803.3,7138.1,5468.0,18.7,23.4,0.799,0.846,0.949,7,2,2.6104768652204413,2.6075894205820775
SEN_demand_CEL,2026-01-01,New Year's Day,H3,Thursday,4923.3,7103.2,4723.6,30.69,33.5,0.916,0.608,0.994,7,3,1.9442149600925551,1.7032930212372368
SEN_demand_CEL,2026-02-02,Constitution Day,H2,Monday,5988.5,6875.0,5794.3,12.89,15.72,0.82,0.844,0.988,8,5,2.005574177763883,-1.1331136120507852
SEN_demand_CEL,2026-03-16,Benito Juarez's Birthday,H2,Monday,6245.6,6964.5,5930.1,10.32,14.85,0.695,0.88,0.988,8,5,1.6845422838410034,1.438296613820766
SEN_demand_CEL,2026-04-02,Maundy Thursday,H1,Thursday,6447.2,7298.8,6234.1,11.67,14.59,0.8,0.928,0.99,8,5,1.2272161574216405,0.7914486458923167
SEN_demand_CEL,2026-04-03,Good Friday,H2,Friday,5913.8,7244.5,5642.8,18.37,22.11,0.831,0.793,0.984,7,5,1.3378733672982777,-0.4368503868072143
SEN_demand_CEL,2026-04-04,Holy Saturday,H3,Saturday,5987.7,6814.9,5659.6,12.14,16.95,0.716,0.959,0.97,8,5,1.6412359448425433,0.2996541908032603
SEN_demand_CEL,2026-05-01,Labor Day,H2,Friday,6617.3,7441.5,6037.9,11.07,18.86,0.587,0.704,0.977,5,5,7.5596998038530305,-7.50990795983414
SEN_demand_NES,2025-01-01,New Year's Day,H3,Wednesday,3861.9,6216.0,3925.9,37.87,36.84,1.028,0.18,0.975,7,3,3.770720062621268,-1.7646782964873833
SEN_demand_NES,2025-02-03,Constitution Day,H2,Monday,4852.7,6043.7,4699.1,19.71,22.25,0.886,0.753,0.957,8,5,2.9526909676223854,0.7141154803518441
SEN_demand_NES,2025-03-17,Benito Juarez's Birthday,H2,Monday,5140.3,6136.9,5157.4,16.24,15.96,1.017,0.713,0.903,8,5,5.252377076601292,1.3711739445625062
SEN_demand_NES,2025-04-17,Maundy Thursday,H1,Thursday,7027.0,7610.7,5743.7,7.67,24.53,0.313,0.88,0.884,7,5,15.001234719329185,15.001234719329185
SEN_demand_NES,2025-04-18,Good Friday,H2,Friday,6660.1,7389.5,5151.8,9.87,30.28,0.326,0.781,0.719,8,5,10.065899616377715,10.065899616377715
SEN_demand_NES,2025-04-19,Holy Saturday,H3,Saturday,6421.1,6781.1,4892.0,5.31,27.86,0.191,0.93,0.814,8,5,5.525283578249131,1.7226057981965535
SEN_demand_NES,2025-05-01,Labor Day,H2,Thursday,7391.4,8413.1,5791.6,12.14,31.16,0.39,0.637,0.617,7,5,7.218244628377059,7.218244628377059
SEN_demand_NES,2025-09-16,Independence Day,H2,Tuesday,7002.9,8578.4,6918.1,18.37,19.35,0.949,0.891,0.92,8,4,12.002922181194457,12.002922181194457
SEN_demand_NES,2025-11-17,Mexican Revolution Day,H2,Monday,5814.6,6019.1,5129.5,3.4,14.78,0.23,0.737,0.98,8,4,3.94512720017656,3.803525335803079
SEN_demand_NES,2025-12-24,Christmas Eve,H1,Wednesday,4951.1,6220.5,4464.7,20.41,28.23,0.723,0.141,0.944,7,4,4.315225462319253,2.0084985954178984
SEN_demand_NES,2025-12-25,Christmas Day,H2,Thursday,4248.9,6179.0,3940.2,31.24,36.23,0.862,0.493,0.978,7,4,9.407694084226314,-9.078958638315786
SEN_demand_NES,2025-12-31,New Year's Eve,H1,Wednesday,4559.4,6219.7,4321.4,26.69,30.52,0.875,-0.454,0.559,7,2,6.605205083299735,-4.446095874169854
SEN_demand_NES,2026-01-01,New Year's Day,H3,Thursday,3864.2,6177.0,3899.2,37.44,36.88,1.015,0.181,0.918,7,3,16.231152175777698,-16.231152175777698
SEN_demand_NES,2026-02-02,Constitution Day,H2,Monday,5019.0,6078.9,4696.0,17.43,22.75,0.766,0.453,0.81,8,5,11.183148153069723,-11.183148153069723
SEN_demand_NES,2026-03-16,Benito Juarez's Birthday,H2,Monday,5168.5,6612.4,5139.3,21.84,22.28,0.98,-0.352,0.07,8,5,17.57139558994737,-17.004207722707555
SEN_demand_NES,2026-04-02,Maundy Thursday,H1,Thursday,7249.4,7251.7,5743.7,0.03,20.79,0.001,0.882,0.878,8,5,3.644975567641735,2.776332025955101
SEN_demand_NES,2026-04-03,Good Friday,H2,Friday,6783.2,7230.0,5151.8,6.18,28.75,0.215,0.559,0.722,7,5,1.7574278966450505,-0.11925526793445825
SEN_demand_NES,2026-04-04,Holy Saturday,H3,Saturday,6230.9,6554.8,4892.0,4.94,25.37,0.195,0.881,0.562,8,5,5.411697626943008,-5.406121082820706
SEN_demand_NES,2026-05-01,Labor Day,H2,Friday,7230.2,7821.3,5791.6,7.56,25.95,0.291,-0.203,-0.039,5,5,16.824183588679226,-16.824183588679226
SEN_demand_NOR,2025-01-01,New Year's Day,H3,Wednesday,1733.9,2219.1,1713.0,21.86,22.81,0.959,0.439,0.99,7,3,5.203881127833041,-5.133584364407876
SEN_demand_NOR,2025-02-03,Constitution Day,H2,Monday,1947.2,2174.8,1958.2,10.47,9.96,1.051,0.928,0.994,8,5,1.2140488131396212,0.20459777202887416
SEN_demand_NOR,2025-03-17,Benito Juarez's Birthday,H2,Monday,2128.8,2309.5,2143.4,7.82,7.19,1.088,0.961,0.986,8,5,2.257859274452117,1.8787876588093106
SEN_demand_NOR,2025-04-17,Maundy Thursday,H1,Thursday,2881.0,2756.3,2231.6,-4.52,19.04,-0.237,0.769,0.758,7,5,8.221286969141893,-7.825194601244952
SEN_demand_NOR,2025-04-18,Good Friday,H2,Friday,2501.0,2881.7,2119.7,13.21,26.44,0.5,0.441,0.699,8,5,19.334899867549833,-19.334899867549833
SEN_demand_NOR,2025-04-19,Holy Saturday,H3,Saturday,2411.8,2869.8,2115.1,15.96,26.3,0.607,0.946,0.958,8,5,5.916336561702794,-5.916336561702794
SEN_demand_NOR,2025-05-01,Labor Day,H2,Thursday,2748.4,3001.7,2752.3,8.44,8.31,1.016,0.892,0.992,7,5,3.6783937829327407,2.4116567279165553
SEN_demand_NOR,2025-09-16,Independence Day,H2,Tuesday,3926.0,4278.5,3865.2,8.24,9.66,0.853,0.971,0.935,8,4,4.411793484747539,0.10022574786879135
SEN_demand_NOR,2025-11-17,Mexican Revolution Day,H2,Monday,2551.2,2681.8,2282.4,4.87,14.89,0.327,0.955,0.981,8,4,4.1551578417698805,-0.21417768976309404
SEN_demand_NOR,2025-12-24,Christmas Eve,H1,Wednesday,2230.8,2322.4,2022.2,3.94,12.93,0.305,0.866,0.982,7,4,14.10994476525335,14.055806301584889
SEN_demand_NOR,2025-12-25,Christmas Day,H2,Thursday,1990.7,2305.7,1761.8,13.66,23.59,0.579,0.751,0.955,7,4,3.8745924406787156,-3.0404481062792907
SEN_demand_NOR,2025-12-31,New Year's Eve,H1,Wednesday,2241.8,2302.8,1892.0,2.65,17.84,0.148,0.786,0.919,7,2,4.685861744712669,4.493682595417573
SEN_demand_NOR,2026-01-01,New Year's Day,H3,Thursday,1933.5,2281.9,1711.7,15.27,24.99,0.611,0.749,0.97,7,3,7.575336725635202,-7.575336725635202
SEN_demand_NOR,2026-02-02,Constitution Day,H2,Monday,2045.6,2254.7,1943.2,9.27,13.82,0.671,0.887,0.95,8,5,3.4904187667796105,3.4179343091765766
SEN_demand_NOR,2026-03-16,Benito Juarez's Birthday,H2,Monday,2480.2,2889.4,2120.8,14.16,26.6,0.532,0.939,0.939,8,5,3.897696055454629,1.2642864200755342
SEN_demand_NOR,2026-04-02,Maundy Thursday,H1,Thursday,2892.4,3233.3,2231.6,10.54,30.98,0.34,0.951,0.802,8,5,4.929292738667972,-4.827180810637595
SEN_demand_NOR,2026-04-03,Good Friday,H2,Friday,2685.2,3233.1,2119.7,16.94,34.44,0.492,0.887,0.903,7,5,4.003597878909563,-2.482570187616596
SEN_demand_NOR,2026-04-04,Holy Saturday,H3,Saturday,2714.1,3116.2,2115.1,12.9,32.13,0.402,0.979,0.926,8,5,3.20573095431934,2.989668660475915
SEN_demand_NOR,2026-05-01,Labor Day,H2,Friday,3111.1,3298.2,2724.5,5.67,17.39,0.326,0.964,0.994,5,5,3.0549986667664406,-1.5744343852350275
SEN_demand_NTE,2025-01-01,New Year's Day,H3,Wednesday,2124.6,3181.0,2236.2,33.21,29.7,1.118,0.454,0.973,7,3,5.384426887405926,-5.177250812318637
SEN_demand_NTE,2025-02-03,Constitution Day,H2,Monday,2583.2,2982.4,2582.6,13.38,13.4,0.998,0.711,0.961,8,5,5.005029133748909,-5.005029133748909
SEN_demand_NTE,2025-03-17,Benito Juarez's Birthday,H2,Monday,2799.9,3188.3,2794.4,12.18,12.35,0.986,0.907,0.98,8,5,3.4323851720464775,-3.270286946344984
SEN_demand_NTE,2025-04-17,Maundy Thursday,H1,Thursday,3872.6,3715.4,3367.0,-4.23,9.38,-0.451,0.71,0.778,7,5,4.078039971262683,2.2822978885957665
SEN_demand_NTE,2025-04-18,Good Friday,H2,Friday,3003.5,3792.0,2735.3,20.79,27.87,0.746,-0.116,0.871,8,5,14.638825990096464,-14.638825990096464
SEN_demand_NTE,2025-04-19,Holy Saturday,H3,Saturday,3174.7,3632.3,2954.2,12.6,18.67,0.675,0.791,0.95,8,5,8.49552572479661,-8.49552572479661
SEN_demand_NTE,2025-05-01,Labor Day,H2,Thursday,3709.0,4003.4,3322.1,7.35,17.02,0.432,0.724,0.9,7,5,5.095086596576046,1.9590323191112256
SEN_demand_NTE,2025-09-16,Independence Day,H2,Tuesday,3498.6,3869.9,3683.3,9.59,4.82,1.989,0.93,0.952,8,4,6.251763976990141,-0.2649213162516979
SEN_demand_NTE,2025-11-17,Mexican Revolution Day,H2,Monday,2397.2,2835.8,2422.8,15.47,14.56,1.062,0.857,0.908,8,4,5.222961274863199,-5.015297513166294
SEN_demand_NTE,2025-12-24,Christmas Eve,H1,Wednesday,2472.0,3010.4,2437.8,17.88,19.02,0.94,0.277,0.877,7,4,7.649250533607775,3.754687251132549
SEN_demand_NTE,2025-12-25,Christmas Day,H2,Thursday,2098.3,3034.6,2165.5,30.85,28.64,1.077,0.423,0.956,7,4,11.945859321416606,-11.945859321416606
SEN_demand_NTE,2025-12-31,New Year's Eve,H1,Wednesday,2609.7,3032.9,2514.1,13.96,17.11,0.816,0.443,0.768,7,2,5.637024781505117,5.1723314414746735
SEN_demand_NTE,2026-01-01,New Year's Day,H3,Thursday,2179.8,3060.0,2232.4,28.77,27.05,1.064,0.419,0.95,7,3,7.479771049933572,-7.42431191477467
SEN_demand_NTE,2026-02-02,Constitution Day,H2,Monday,2578.0,2994.4,2585.4,13.91,13.66,1.018,0.572,0.752,8,5,4.7969764425010375,1.233148173836029
SEN_demand_NTE,2026-03-16,Benito Juarez's Birthday,H2,Monday,2734.8,3145.0,2803.1,13.04,10.87,1.2,0.743,0.877,8,5,9.910954042912557,4.573437394239793
SEN_demand_NTE,2026-04-02,Maundy Thursday,H1,Thursday,3614.7,3772.4,3367.0,4.18,10.75,0.389,0.885,0.652,8,5,5.545499397311086,1.7315816333682426
SEN_demand_NTE,2026-04-03,Good Friday,H2,Friday,2983.1,3727.2,2735.5,19.96,26.61,0.75,0.586,0.934,7,5,11.08281795706187,-11.08281795706187
SEN_demand_NTE,2026-04-04,Holy Saturday,H3,Saturday,3170.0,3358.4,2955.4,5.61,12.0,0.468,0.803,0.832,8,5,4.874047189383173,4.387938352529611
SEN_demand_NTE,2026-05-01,Labor Day,H2,Friday,3510.5,3941.7,3346.6,10.94,15.1,0.725,0.634,0.578,5,5,5.537667507733955,-5.537667507733955
SEN_demand_OCC,2025-01-01,New Year's Day,H3,Wednesday,5603.3,8932.1,5436.0,37.27,39.14,0.952,0.218,0.976,7,3,3.493293355290506,-0.2562875750705953
SEN_demand_OCC,2025-02-03,Constitution Day,H2,Monday,7071.1,8547.2,6873.7,17.27,19.58,0.882,0.792,0.97,8,5,2.1861962898906158,-0.9310295436206203
SEN_demand_OCC,2025-03-17,Benito Juarez's Birthday,H2,Monday,7193.7,8813.3,7287.0,18.38,17.32,1.061,0.803,0.939,8,5,2.2510250965702476,0.5136076243343045
SEN_demand_OCC,2025-04-17,Maundy Thursday,H1,Thursday,8434.8,9514.5,8086.3,11.35,15.01,0.756,0.614,0.951,7,5,2.7068102871339184,1.0224150883862895
SEN_demand_OCC,2025-04-18,Good Friday,H2,Friday,7215.8,9507.4,6909.4,24.1,27.33,0.882,0.144,0.994,8,5,2.1187338276590153,-0.45281972261739356
SEN_demand_OCC,2025-04-19,Holy Saturday,H3,Saturday,7339.2,9012.1,7049.5,18.56,21.78,0.852,0.811,0.983,8,5,1.7591258695008811,1.7449526410476022
SEN_demand_OCC,2025-05-01,Labor Day,H2,Thursday,8735.6,9987.5,7837.4,12.54,21.53,0.582,0.313,0.931,7,5,2.9802769823390847,-1.0528130878513995
SEN_demand_OCC,2025-09-16,Independence Day,H2,Tuesday,6986.7,9132.9,6884.1,23.5,24.62,0.954,0.64,0.921,8,4,10.260857410852182,-6.472905855039137
SEN_demand_OCC,2025-11-17,Mexican Revolution Day,H2,Monday,7299.1,8663.6,6996.2,15.75,19.25,0.818,0.784,0.949,8,4,1.4837785006795432,-0.08282845560486636
SEN_demand_OCC,2025-12-24,Christmas Eve,H1,Wednesday,7152.9,9126.6,6739.0,21.63,26.16,0.827,0.171,0.752,7,4,5.929411590367598,4.655986341864157
SEN_demand_OCC,2025-12-25,Christmas Day,H2,Thursday,5846.3,9063.5,5456.5,35.5,39.8,0.892,0.362,0.946,7,4,7.7912914718144215,-6.874757019069335
SEN_demand_OCC,2025-12-31,New Year's Eve,H1,Wednesday,7083.3,9091.2,6278.1,22.09,30.94,0.714,0.467,0.922,7,2,7.637399704295249,7.3499346767171385
SEN_demand_OCC,2026-01-01,New Year's Day,H3,Thursday,5818.5,9014.6,5422.7,35.45,39.85,0.89,0.377,0.966,7,3,10.712982677478976,-10.530354306784945
SEN_demand_OCC,2026-02-02,Constitution Day,H2,Monday,7215.3,8616.7,6874.2,16.26,20.22,0.804,0.729,0.913,8,5,5.095975829971166,-3.159728237575606
SEN_demand_OCC,2026-03-16,Benito Juarez's Birthday,H2,Monday,7686.4,9059.8,7277.1,15.16,19.68,0.77,0.781,0.909,8,5,1.5625138957688538,0.37168070076560794
SEN_demand_OCC,2026-04-02,Maundy Thursday,H1,Thursday,8457.9,9674.3,8088.3,12.57,16.39,0.767,0.597,0.843,8,5,2.427999551436236,-2.324162756331258
SEN_demand_OCC,2026-04-03,Good Friday,H2,Friday,7257.8,9591.9,6923.3,24.33,27.82,0.875,0.33,0.964,7,5,2.993692227042373,-1.6257876310781914
SEN_demand_OCC,2026-04-04,Holy Saturday,H3,Saturday,7394.2,9010.7,7066.6,17.94,21.58,0.831,0.905,0.879,8,5,2.294835454204314,-1.506211746934252
SEN_demand_OCC,2026-05-01,Labor Day,H2,Friday,8897.1,10025.7,7837.4,11.26,21.83,0.516,0.25,0.839,5,5,3.869236586920785,-3.7110139361751675
SEN_demand_ORI,2025-01-01,New Year's Day,H3,Wednesday,4968.7,5856.8,4345.7,15.16,25.8,0.588,0.676,0.993,7,3,5.629082955803199,-3.8391808256693207
SEN_demand_ORI,2025-02-03,Constitution Day,H2,Monday,5347.6,5818.0,5086.6,8.09,12.57,0.643,0.907,0.989,8,5,6.326647439546088,-5.2047564437739435
SEN_demand_ORI,2025-03-17,Benito Juarez's Birthday,H2,Monday,5700.8,6373.1,5802.0,10.55,8.96,1.177,0.858,0.988,8,5,8.423656372822418,-8.423656372822418
SEN_demand_ORI,2025-04-17,Maundy Thursday,H1,Thursday,6517.2,7241.1,6211.4,10.0,14.22,0.703,0.986,0.945,7,5,6.220109223556887,6.210350688419862
SEN_demand_ORI,2025-04-18,Good Friday,H2,Friday,6259.6,7224.7,5734.0,13.36,20.63,0.647,0.886,0.925,8,5,6.545377759380186,6.545377759380186
SEN_demand_ORI,2025-04-19,Holy Saturday,H3,Saturday,6459.0,7035.0,5911.5,8.19,15.97,0.513,0.986,0.982,8,5,10.471529817095547,10.471529817095547
SEN_demand_ORI,2025-05-01,Labor Day,H2,Thursday,6861.8,7377.9,6214.4,7.0,15.77,0.444,0.933,0.906,7,5,2.8743139994316502,-2.4021466028442933
SEN_demand_ORI,2025-09-16,Independence Day,H2,Tuesday,6181.1,6846.9,6036.9,9.72,11.83,0.822,0.886,0.982,8,4,5.23737205850076,5.108622114416251
SEN_demand_ORI,2025-11-17,Mexican Revolution Day,H2,Monday,6044.9,6356.5,5560.2,4.9,12.53,0.391,0.928,0.995,8,4,3.059442668819072,3.059442668819072
SEN_demand_ORI,2025-12-24,Christmas Eve,H1,Wednesday,5835.0,6101.5,5187.4,4.37,14.98,0.292,0.729,0.976,7,4,7.913177668201188,7.344976167208184
SEN_demand_ORI,2025-12-25,Christmas Day,H2,Thursday,5236.7,6230.4,4615.5,15.95,25.92,0.615,0.772,0.993,7,4,6.376996715424609,2.6453481977962188
SEN_demand_ORI,2025-12-31,New Year's Eve,H1,Wednesday,5080.1,6038.3,4830.0,15.87,20.01,0.793,0.938,0.946,7,2,4.866780439552771,-2.4416974763409947
SEN_demand_ORI,2026-01-01,New Year's Day,H3,Thursday,4607.0,6125.8,4345.7,24.79,29.06,0.853,0.696,0.997,7,3,7.781634107988917,-7.651050276656109
SEN_demand_ORI,2026-02-02,Constitution Day,H2,Monday,5049.0,5777.7,5187.8,12.61,10.21,1.235,0.92,0.986,8,5,3.4904094889568826,-1.269454083457108
SEN_demand_ORI,2026-03-16,Benito Juarez's Birthday,H2,Monday,6116.3,6329.4,5760.3,3.37,8.99,0.374,0.714,0.924,8,5,6.344419838161393,-1.3438192761415595
SEN_demand_ORI,2026-04-02,Maundy Thursday,H1,Thursday,6145.5,6898.4,6270.3,10.91,9.11,1.199,0.983,0.863,8,5,3.3577631221804833,-0.532918384828198
SEN_demand_ORI,2026-04-03,Good Friday,H2,Friday,6019.2,6828.3,5749.6,11.85,15.8,0.75,0.851,0.901,7,5,6.737115643575454,6.737115643575454
SEN_demand_ORI,2026-04-04,Holy Saturday,H3,Saturday,6337.0,6904.6,5911.5,8.22,14.38,0.572,0.991,0.972,8,5,11.773584524671758,11.773584524671758
SEN_demand_ORI,2026-05-01,Labor Day,H2,Friday,7185.2,7590.9,6212.5,5.34,18.16,0.294,0.901,0.925,5,5,3.5873626953113096,-3.559733916168262
SEN_demand_PEN,2025-01-01,New Year's Day,H3,Wednesday,1504.4,1539.6,1142.2,2.29,25.81,0.089,0.519,0.977,7,3,5.408861230431102,-5.394027571834522
SEN_demand_PEN,2025-02-03,Constitution Day,H2,Monday,1635.2,1672.8,1133.9,2.25,32.21,0.07,0.874,0.916,8,5,5.264952954084153,-3.653867234969254
SEN_demand_PEN,2025-03-17,Benito Juarez's Birthday,H2,Monday,1717.6,1845.9,1504.8,6.95,18.48,0.376,0.462,0.273,8,5,16.71183571267714,-16.706220384481405
SEN_demand_PEN,2025-04-17,Maundy Thursday,H1,Thursday,1776.5,2064.9,1692.0,13.97,18.06,0.773,0.989,0.858,7,5,5.318318791884282,4.188231185190918
SEN_demand_PEN,2025-04-18,Good Friday,H2,Friday,1771.1,2074.1,1502.6,14.61,27.55,0.53,0.957,0.988,8,5,9.106732907241824,8.662294041369021
SEN_demand_PEN,2025-04-19,Holy Saturday,H3,Saturday,1832.3,2051.0,1575.0,10.67,23.21,0.46,0.978,0.951,8,5,9.344610426091934,9.344610426091934
SEN_demand_PEN,2025-05-01,Labor Day,H2,Thursday,2015.8,2359.2,1678.4,14.56,28.86,0.504,0.961,0.979,7,5,5.075565212907214,4.981945563521082
SEN_demand_PEN,2025-09-16,Independence Day,H2,Tuesday,1845.0,2148.7,1913.9,14.14,10.93,1.293,0.913,0.985,8,4,4.8133793432556455,0.8502052891166343
SEN_demand_PEN,2025-11-17,Mexican Revolution Day,H2,Monday,1638.7,1802.4,1440.9,9.08,20.06,0.453,0.919,0.988,8,4,4.870169721143725,4.836079191567627
SEN_demand_PEN,2025-12-24,Christmas Eve,H1,Wednesday,1682.6,1602.4,1284.2,-5.01,19.86,-0.252,0.754,0.836,7,4,3.9457700698876845,0.2959713413072957
SEN_demand_PEN,2025-12-25,Christmas Day,H2,Thursday,1469.4,1704.1,1184.0,13.77,30.52,0.451,0.604,0.851,7,4,15.372916176564782,-15.372916176564782
SEN_demand_PEN,2025-12-31,New Year's Eve,H1,Wednesday,1351.2,1582.4,1168.2,14.61,26.17,0.558,0.732,0.765,7,2,14.829484534444717,-14.829484534444717
SEN_demand_PEN,2026-01-01,New Year's Day,H3,Thursday,1142.3,1659.1,1224.5,31.15,26.19,1.189,0.706,0.92,7,3,24.428811462659837,-24.428811462659837
SEN_demand_PEN,2026-02-02,Constitution Day,H2,Monday,1063.0,1560.9,1212.2,31.9,22.34,1.428,0.812,0.877,8,5,11.179208964708096,-11.179208964708096
SEN_demand_PEN,2026-03-16,Benito Juarez's Birthday,H2,Monday,1932.3,1819.7,1504.8,-6.19,17.3,-0.358,0.928,0.877,8,5,10.00346319339576,10.00346319339576
SEN_demand_PEN,2026-04-02,Maundy Thursday,H1,Thursday,1692.0,1969.5,1728.1,14.09,12.26,1.149,0.856,0.962,8,5,7.368921719329077,-7.241799466241716
SEN_demand_PEN,2026-04-03,Good Friday,H2,Friday,1580.0,1976.0,1507.0,20.04,23.73,0.844,0.963,0.91,7,5,4.483463884958965,-2.1665789921343794
SEN_demand_PEN,2026-04-04,Holy Saturday,H3,Saturday,1694.2,1936.6,1575.0,12.51,18.67,0.67,0.903,0.988,8,5,15.252070313350242,15.252070313350242
SEN_demand_PEN,2026-05-01,Labor Day,H2,Friday,2256.3,2157.7,1678.4,-4.57,22.21,-0.206,0.905,0.978,5,5,6.746403760940794,6.746403760940794
SEN_demand_SIN,2025-01-01,New Year's Day,H3,Wednesday,24508.3,35207.6,23676.8,30.39,32.75,0.928,0.481,0.989,7,3,2.0503718779180686,-0.5298057417565161
SEN_demand_SIN,2025-02-03,Constitution Day,H2,Monday,29271.9,34274.3,28214.4,14.6,17.68,0.825,0.836,0.99,8,5,3.1960426371714554,2.168617306873862
SEN_demand_SIN,2025-03-17,Benito Juarez's Birthday,H2,Monday,30591.4,35584.0,30408.6,14.03,14.54,0.965,0.816,0.956,8,5,3.8129452701143447,-3.8129452701143447
SEN_demand_SIN,2025-04-17,Maundy Thursday,H1,Thursday,36842.0,40635.8,33800.4,9.34,16.82,0.555,0.921,0.972,7,5,2.943699116018344,2.8368146856162992
SEN_demand_SIN,2025-04-18,Good Friday,H2,Friday,33233.2,40235.8,29687.2,17.4,26.22,0.664,0.628,0.99,8,5,4.760138897259907,4.760138897259907
SEN_demand_SIN,2025-04-19,Holy Saturday,H3,Saturday,33525.0,38048.1,30093.2,11.89,20.91,0.569,0.898,0.972,8,5,6.86973938260104,6.86973938260104
SEN_demand_SIN,2025-05-01,Labor Day,H2,Thursday,37778.6,43082.0,33468.2,12.31,22.32,0.552,0.779,0.981,7,5,4.076167525390277,-2.018617155241931
SEN_demand_SIN,2025-09-16,Independence Day,H2,Tuesday,34872.3,42050.4,35021.3,17.07,16.72,1.021,0.865,0.993,8,4,10.019400212003884,10.019400212003884
SEN_demand_SIN,2025-11-17,Mexican Revolution Day,H2,Monday,31749.2,35048.4,29764.7,9.41,15.08,0.624,0.847,0.983,8,4,3.066095706005683,2.9605277819862996
SEN_demand_SIN,2025-12-24,Christmas Eve,H1,Wednesday,30349.7,35616.0,27958.3,14.79,21.5,0.688,0.555,0.931,7,4,3.157583986337672,3.075800750424902
SEN_demand_SIN,2025-12-25,Christmas Day,H2,Thursday,25909.7,35498.8,23996.1,27.01,32.4,0.834,0.591,0.987,7,4,8.506689876875074,-8.506689876875074
SEN_demand_SIN,2025-12-31,New Year's Eve,H1,Wednesday,28728.8,35434.2,26471.8,18.92,25.29,0.748,0.661,0.934,8,2,7.251333761499822,6.6270308074670154
SEN_demand_SIN,2026-01-01,New Year's Day,H3,Thursday,24468.6,35378.3,23697.6,30.84,33.02,0.934,0.525,0.984,7,3,5.267252944103326,-5.267252944103326
SEN_demand_SIN,2026-02-02,Constitution Day,H2,Monday,28958.5,34283.1,28241.5,15.53,17.62,0.881,0.779,0.972,8,5,3.5904895590597588,-0.7807148310871403
SEN_demand_SIN,2026-03-16,Benito Juarez's Birthday,H2,Monday,32364.1,36728.3,30342.2,11.88,17.39,0.683,0.698,0.865,7,5,2.721086958563168,1.7905635431693694
SEN_demand_SIN,2026-04-02,Maundy Thursday,H1,Thursday,37280.7,39703.7,33800.4,6.1,14.87,0.41,0.904,0.961,8,5,2.321180034036269,1.1113379640499321
SEN_demand_SIN,2026-04-03,Good Friday,H2,Friday,33883.6,39598.8,29687.2,14.43,25.03,0.577,0.682,0.975,7,5,3.3269427325967627,-2.8939496728058396
SEN_demand_SIN,2026-04-04,Holy Saturday,H3,Saturday,34153.6,37293.7,30093.2,8.42,19.31,0.436,0.969,0.93,7,5,2.4286929258199415,2.394829103693465
SEN_demand_SIN,2026-05-01,Labor Day,H2,Friday,39555.1,42677.3,33468.2,7.32,21.58,0.339,0.58,0.9,5,5,3.649610619757416,-3.267323238537067
