unique_id,n_targets,n_fail,fail_rate,mape_window_pct_mean,mape_window_pct_median,mape_24_pct_mean,mape_24_pct_median,mae_window_mean,mae_window_median,bias_24_mean,bias_24_median,bias_38_mean,bias_38_median
SEN_demand_CEL,19,0,0.0,2.650051849860654,1.9949817930558054,2.824771393938936,2.1500939987704992,158.30409078962035,125.28780536802488,68.84475822835896,30.72272364518047,64.77703474087998,24.873088665612038
SEN_demand_NES,19,0,0.0,6.821909805479244,6.448701660995414,7.734706340869764,5.153345114200146,417.3671292039788,400.1898561371942,17.31954125189955,123.45004707435237,42.99987132556081,52.09231149362413
SEN_demand_NOR,19,0,0.0,4.789647840037114,3.7510595295751936,4.977841061924857,3.532609379367224,125.64749245105465,114.76303746534093,-32.1466703456572,9.539548459618905,-28.703844600707946,20.52425503078732
SEN_demand_NTE,19,0,0.0,5.906923511822307,5.457298195386696,6.70986896556664,5.97981529269734,173.36145535959037,151.25740345336854,-104.99163682992743,-88.51551445000418,-70.04756166010309,-57.589022009715215
SEN_demand_OCC,19,0,0.0,4.200968740408628,2.7905416543596493,4.548575205300701,2.6201819762642287,302.8721998306132,212.29061495195455,-76.705811797604,-67.9752603504915,-25.560543031289892,-31.981109215328207
SEN_demand_ORI,19,0,0.0,4.1879155691991485,3.4157529754013147,4.735857369291533,3.936112879869011,255.5751070960322,200.44769656304223,141.0756130185388,106.30354966042967,112.32494933709818,119.01976721325055
SEN_demand_PEN,19,0,0.0,7.450827139061103,7.6346420839175355,9.198465786381634,8.398346156885617,121.73098586545582,121.92833158866846,-3.7795677951938744,-14.11511214399719,2.347208228522497,-8.019485798013324
SEN_demand_SIN,19,0,0.0,3.482111084073581,3.108031447458624,3.9157922236197606,3.6228210007865584,1175.658477234843,890.5655257265562,224.33553907432838,158.78243404610976,262.1793475281611,164.0448121049757
ALL,152,0,0.0,4.936294442492723,3.728561693728251,5.580734793361729,3.9308630826322286,341.31461722889856,180.63573307248333,29.243970600592878,7.840174719287816,45.0395577335152,14.004857160962395
