experiment_id,unique_id,target_date,holiday_label,holiday_day_type,analog_cluster,cluster_filter_label,filter_by_cluster,train_end,eligible_tuning_dates,target_exists,target_has_complete_profile,selected_analogs,fail,optuna_k_min,optuna_k_max,k,typedist,typereg,scale_method,n_components,regressor_params,forecast_start,forecast_end,mae_window,mape_window_pct,tuning_best_mean_mae,tuning_best_mean_mape_pct,error,bias_head_hours,bias_tail_hours,hourly_factor_analog_count,hourly_factor_requested_analogs,hourly_factor_available_neighbors,hourly_factor_selected_analogs,hourly_factor_mean_abs,forecast_window_mean_38,forecast_daily_mean_24,mae_38,mape_38_pct,mpe_38_pct,bias_38,mae_14,mape_14_pct,mpe_14_pct,bias_14,mae_24,mape_24_pct,mpe_24_pct,bias_24,mae_14_bias_adjusted,mape_14_bias_adjusted_pct,mpe_14_bias_adjusted_pct,bias_14_bias_adjusted,mae_24_bias_adjusted,mape_24_bias_adjusted_pct,mpe_24_bias_adjusted_pct,bias_24_bias_adjusted,mae_38_bias_adjusted,mape_38_bias_adjusted_pct,mpe_38_bias_adjusted_pct,bias_38_bias_adjusted,head_bias_mean,tail_bias_mean,bias_model_method,bias_train_samples,predicted_head_bias_mean,predicted_tail_bias_mean,predicted_full_bias_mean,predicted_bias_14,predicted_bias_24,predicted_bias_38,bias_14_prediction_error,bias_24_prediction_error,bias_38_prediction_error,mae_head14,mape_head14_pct,mae_head14_bias_adjusted,mape_head14_bias_adjusted_pct,mae_holiday24_raw,mape_holiday24_raw_pct,mae_holiday24_bias_adjusted,mape_holiday24_bias_adjusted_pct,mae_window_bias_adjusted,mape_window_bias_adjusted_pct,mae_holiday24_improvement,mape_holiday24_improvement_pct,mape_window_improvement_pct
experiment_2026_06_15_17_08_deep_reg_LassoReg,SEN_demand_CEL,2025-01-01,New Year's Day,H3,H,observance_tier,True,2025-01-01,19,True,True,6,False,2,6,6,pearson,LassoReg,,2,{},2024-12-31 10:00:00,2025-01-02,71.63340316658065,1.3440021148414893,259.595119,4.463,,14,24,4,4,6,4,0.1326065404676416,5179.5909188423275,4733.657527176282,71.63340316658065,1.3440021148414893,-0.26545960659271883,-16.34927147390668,75.81739950083458,1.2655780072757568,-0.08310173971321166,-6.4459045555472585,69.19273863826585,1.3897495109215,-0.3718350289390981,-22.12623550961634,47.877635496547946,0.8066538706234329,0.08448701490225538,5.652449972584042,77.31555215644704,1.6939288844439204,-0.7224562561200268,-29.183608984359335,66.47000391332632,1.3670380898784775,-0.4251613667960281,-16.349271473906512,-6.4459045555472585,-22.12623550961634,hourly_window_mean_factor_top_available_analogs,4,-12.0983545281313,7.057373474742993,-1.6753849769501309e-13,-12.0983545281313,7.057373474742993,-1.6753849769501309e-13,-5.652449972584041,29.18360898435933,16.349271473906512,75.81739950083458,1.2655780072757568,47.877635496547946,0.8066538706234329,69.19273863826585,1.3897495109215,77.31555215644704,1.6939288844439204,66.47000391332632,1.3670380898784775,-8.12281351818119,-0.3041793735224205,-0.023035975036988177
experiment_2026_06_15_17_08_deep_reg_LassoReg,SEN_demand_CEL,2025-09-16,Independence Day,H2,H,observance_tier,True,2025-09-16,19,True,True,3,False,2,6,3,euclidian,LassoReg,,2,{},2025-09-15 10:00:00,2025-09-17,519.8254577854518,8.535950432121632,181.455794,3.038,,14,24,3,4,3,3,0.12430546995644234,5322.27715213572,5076.931174785273,519.8254577854518,8.535950432121632,8.460312202563907,516.3482476011222,792.9900302635126,12.080208137202787,12.080208137202787,792.9900302635126,360.4794571732498,6.468466770824288,6.348706240691225,354.9738743813944,590.7031627263116,9.008830630004095,9.008830630004095,590.7031627263116,472.97454711142836,8.739120760239567,8.739120760239567,472.97454711142836,516.348247601122,8.838487554363342,8.838487554363342,516.348247601122,792.9900302635126,354.9738743813944,hourly_window_mean_factor_top_available_analogs,3,202.28686753720098,-118.0006727300339,0.0,202.28686753720098,-118.0006727300339,0.0,-590.7031627263116,-472.9745471114283,-516.3482476011222,792.9900302635126,12.080208137202787,590.7031627263116,9.008830630004095,360.4794571732498,6.468466770824288,472.97454711142836,8.739120760239567,516.348247601122,8.838487554363342,-112.49508993817858,-2.270653989415279,-0.30253712224170926
experiment_2026_06_15_17_08_deep_reg_LassoReg,SEN_demand_CEL,2025-12-24,Christmas Eve,H1,G,observance_tier,True,2025-12-24,19,True,True,3,False,2,6,3,pearson,LassoReg,,2,{},2025-12-23 10:00:00,2025-12-25,156.83620432492071,2.4207935852794846,202.988443,3.316,,14,24,3,4,3,3,0.08713125652570732,6430.472270136505,6043.73100350659,156.83620432492071,2.4207935852794846,0.5628435389601216,44.67422170560021,160.04935150867828,2.1883624666844272,2.0892484403112506,153.11365421221288,154.9618684677288,2.556378404459935,-0.32755932016137024,-18.582113923257186,155.9501190502283,2.1378119259722026,1.9667176883677182,143.9637357228189,175.6454419227787,2.909148063988155,-0.21802031034755429,-13.244661471111272,168.3892703381549,2.624971592087541,0.5868831628633356,44.67422170559985,153.11365421221288,-18.582113923257186,hourly_window_mean_factor_top_available_analogs,3,9.149918489393972,-5.337452452145915,3.590110664893138e-13,9.149918489393972,-5.337452452145915,3.590110664893138e-13,-143.9637357228189,13.244661471111272,-44.67422170559985,160.04935150867828,2.1883624666844272,155.9501190502283,2.1378119259722026,154.9618684677288,2.556378404459935,175.6454419227787,2.909148063988155,168.3892703381549,2.624971592087541,-20.683573455049896,-0.3527696595282199,-0.20417800680805653
experiment_2026_06_15_17_08_deep_reg_LassoReg,SEN_demand_CEL,2025-12-25,Christmas Day,H2,H,observance_tier,True,2025-12-25,19,True,True,3,False,2,6,3,pearson,LassoReg,,2,{},2025-12-24 10:00:00,2025-12-26,128.27984934334555,2.4268871012745747,205.440392,3.347,,14,24,3,4,3,3,0.13814190177133243,5564.080237826716,5112.7967651826875,128.27984934334555,2.4268871012745747,-1.6809809955825556,-82.4297888793484,151.90704553908088,2.4435657123255696,-1.0643355551073106,-63.821320930766305,114.4973182291666,2.4171579114948263,-2.0406908358597824,-93.28472851602129,173.14753356651903,2.7910446903576007,-1.9076666860373315,-117.00885538860562,88.27401312309452,1.769410151909397,-1.2915041560393137,-62.25866674894744,119.54320486540882,2.1458018239692613,-1.51851140393332,-82.42978887934783,-63.821320930766305,-93.28472851602129,hourly_window_mean_factor_top_available_analogs,3,53.18753445783932,-31.026061767073845,-5.74417706382902e-13,53.18753445783932,-31.026061767073845,-5.74417706382902e-13,117.00885538860562,62.25866674894745,82.42978887934783,151.90704553908088,2.4435657123255696,173.14753356651903,2.7910446903576007,114.4973182291666,2.4171579114948263,88.27401312309452,1.769410151909397,119.54320486540882,2.1458018239692613,26.223305106072075,0.6477477595854293,0.2810852773053134
experiment_2026_06_15_17_08_deep_reg_LassoReg,SEN_demand_CEL,2025-12-31,New Year's Eve,H1,G,observance_tier,True,2025-12-31,19,True,True,5,False,2,7,5,pearson,LassoReg,,2,{},2025-12-30 10:00:00,2026-01-01,172.5297123129536,2.792718787128323,170.476693,2.802,,14,24,4,4,5,4,0.08825997662314689,6065.31648550525,5620.39309695787,172.5297123129536,2.792718787128323,2.545979155062119,156.96553712632908,138.89771223837118,1.9931172395050414,1.5858632047609948,112.54115984209791,192.1483790231267,3.2591530232419053,3.106046792737775,182.87975720879726,219.14154076335126,3.1095408175584462,3.1095408175584462,219.14154076335126,125.03506073373615,2.1391461437758625,2.0619071202280153,120.69620167139904,159.7058691656996,2.49665997095892,2.4478774297708057,156.9655371263288,112.54115984209791,182.87975720879726,hourly_window_mean_factor_top_available_analogs,4,-106.60038092125335,62.183555537398206,2.6327478209216345e-13,-106.60038092125335,62.183555537398206,2.6327478209216345e-13,-219.14154076335126,-120.69620167139905,-156.96553712632883,138.89771223837118,1.9931172395050414,219.14154076335126,3.1095408175584462,192.1483790231267,3.2591530232419053,125.03506073373615,2.1391461437758625,159.7058691656996,2.49665997095892,67.11331828939055,1.1200068794660427,0.2960588161694031
experiment_2026_06_15_17_08_deep_reg_LassoReg,SEN_demand_CEL,2026-01-01,New Year's Day,H3,H,observance_tier,True,2026-01-01,19,True,True,3,False,2,8,3,pearson,LassoReg,,2,{},2025-12-31 10:00:00,2026-01-02,64.75136220044762,1.2358445137225136,172.134426,2.831,,14,24,3,4,3,3,0.1369653993683878,5320.157743654717,4867.171680399354,64.75136220044762,1.2358445137225136,0.5875905640173639,29.168302924231178,49.93384518569577,0.8276467210807403,-0.29221153293970026,-17.012572806766133,73.39491379238619,1.4739598927635484,1.1008084539089842,56.10714710064627,63.10061067509722,1.042603600865843,-0.32993283488917896,-19.44013341100338,73.4282868270032,1.4787445380846116,1.1333772729555103,57.52322411978357,69.62335350787994,1.3180610348987494,0.5942630226969405,29.16830292423048,-17.012572806766133,56.10714710064627,hourly_window_mean_factor_top_available_analogs,3,2.427560604237247,-1.4160770191372951,6.9408806187934e-13,2.427560604237247,-1.4160770191372951,6.9408806187934e-13,19.44013341100338,-57.52322411978357,-29.168302924230485,49.93384518569577,0.8276467210807403,63.10061067509722,1.042603600865843,73.39491379238619,1.4739598927635484,73.4282868270032,1.4787445380846116,69.62335350787994,1.3180610348987494,-0.03337303461701424,-0.004784645321063152,-0.08221652117623579
experiment_2026_06_15_17_08_deep_reg_LassoReg,SEN_demand_NES,2025-01-01,New Year's Day,H3,H,observance_tier,True,2025-01-01,19,True,True,5,False,2,6,5,pearson,LassoReg,,2,{},2024-12-31 10:00:00,2025-01-02,110.58715150964774,2.731050250517204,353.298085,6.964,,14,24,4,4,5,4,0.0881163274847348,4114.119785043118,3819.1532660167036,110.58715150964774,2.731050250517204,-0.09352736634251081,-12.484340832592471,132.2271334237214,2.9719136361661542,-2.4053657458495636,-107.15757980268775,97.96382872643811,2.590546608888649,1.25504502170327,42.74171523329644,78.36951712081616,1.7601211423662417,-0.8081745738093471,-32.87450846108053,79.58460018219756,2.0539876747359718,-0.08941150376186635,-0.5900763826400066,79.13693800168862,1.945721057547124,-0.3542189506214644,-12.484340832591778,-107.15757980268775,42.74171523329644,hourly_window_mean_factor_top_available_analogs,4,-74.28307134160721,43.331791615936446,-6.9408806187934e-13,-74.28307134160721,43.331791615936446,-6.9408806187934e-13,32.87450846108054,0.5900763826400066,12.484340832591776,132.2271334237214,2.9719136361661542,78.36951712081616,1.7601211423662417,97.96382872643811,2.590546608888649,79.58460018219756,2.0539876747359718,79.13693800168862,1.945721057547124,18.379228544240547,0.5365589341526773,0.7853291929700801
experiment_2026_06_15_17_08_deep_reg_LassoReg,SEN_demand_NES,2025-09-16,Independence Day,H2,H,observance_tier,True,2025-09-16,19,True,True,5,False,2,6,5,pearson,LassoReg,,2,{},2025-09-15 10:00:00,2025-09-17,713.2011495325293,9.620448791782467,391.842801,6.62,,14,24,4,4,5,4,0.07435412651688696,6505.622432832122,6509.296261283783,713.2011495325293,9.620448791782467,8.406763807168113,634.7678792731413,876.7443252278679,11.748901224616185,11.748901224616185,876.7443252278679,617.8009637102483,8.37885153929613,6.457183646990072,493.61495246621774,1166.7876700528632,15.778295971475616,15.778295971475616,1166.7876700528632,389.54031607320803,5.5316058832747,4.537902711518973,324.42300131830285,675.8946043815021,9.306702231559246,8.679100228345101,634.767879273141,876.7443252278679,493.61495246621774,hourly_window_mean_factor_top_available_analogs,4,-290.0433448249954,169.19195114791486,5.504836352836145e-13,-290.0433448249954,169.19195114791486,5.504836352836145e-13,-1166.7876700528632,-324.4230013183029,-634.7678792731407,876.7443252278679,11.748901224616185,1166.7876700528632,15.778295971475616,617.8009637102483,8.37885153929613,389.54031607320803,5.5316058832747,675.8946043815021,9.306702231559246,228.26064763704028,2.84724565602143,0.3137465602232208
experiment_2026_06_15_17_08_deep_reg_LassoReg,SEN_demand_NES,2025-12-24,Christmas Eve,H1,G,observance_tier,True,2025-12-24,19,True,True,5,False,2,6,5,pearson,LassoReg,,2,{},2025-12-23 10:00:00,2025-12-25,244.76825034071098,4.776269959232488,407.898016,6.729,,14,24,4,4,5,4,0.08602969568351614,5118.52198013301,4649.277119946775,244.76825034071098,4.776269959232488,3.2291564242693487,155.3238785512008,147.0006336906874,2.537537059736277,-1.6617711065922427,-95.77694688084019,301.7993600532247,6.082197483938611,6.082197483938611,301.7993600532247,144.53127201340808,2.459319542813559,2.1891393186406267,129.0274716711891,175.22319835717727,3.4947917207162185,3.392558470651874,170.66344923120656,163.91564654631495,3.113301970962607,2.9491935199108883,155.32387855120012,-95.77694688084019,301.7993600532247,hourly_window_mean_factor_top_available_analogs,4,-224.8044185520293,131.13591082201813,6.701539907800523e-13,-224.8044185520293,131.13591082201813,6.701539907800523e-13,-129.02747167118912,-170.66344923120656,-155.32387855120012,147.0006336906874,2.537537059736277,144.53127201340808,2.459319542813559,301.7993600532247,6.082197483938611,175.22319835717727,3.4947917207162185,163.91564654631495,3.113301970962607,126.57616169604742,2.5874057632223924,1.6629679882698811
experiment_2026_06_15_17_08_deep_reg_LassoReg,SEN_demand_NES,2025-12-25,Christmas Day,H2,H,observance_tier,True,2025-12-25,19,True,True,5,False,2,6,5,pearson,LassoReg,,2,{},2025-12-24 10:00:00,2025-12-26,90.11590410673546,1.9941778633137806,360.796742,5.923,,14,24,4,4,5,4,0.08253219342587756,4521.6690863814,4229.3215924891165,90.11590410673546,1.9941778633137806,-0.40921959347666753,-15.755032434030873,80.37266996121032,1.6245623336367163,-1.5436167899913626,-76.33652305388503,95.79945735829178,2.2097869222920674,0.25251210449023787,19.58417042755072,89.08165308320167,1.7903019282133172,0.47534873009490003,26.51432334335511,101.63792911867951,2.482780770440328,-1.1681242771050626,-40.412156637507316,97.0119326845561,2.2276569864619553,-0.5626342218208658,-15.755032434031687,-76.33652305388503,19.58417042755072,hourly_window_mean_factor_top_available_analogs,4,-102.85084639724015,59.99632706505804,8.137584173757779e-13,-102.85084639724015,59.99632706505804,8.137584173757779e-13,-26.514323343355116,40.41215663750732,15.755032434031687,80.37266996121032,1.6245623336367163,89.08165308320167,1.7903019282133172,95.79945735829178,2.2097869222920674,101.63792911867951,2.482780770440328,97.0119326845561,2.2276569864619553,-5.838471760387733,-0.27299384814826055,-0.23347912314817476
experiment_2026_06_15_17_08_deep_reg_LassoReg,SEN_demand_NES,2025-12-31,New Year's Eve,H1,G,observance_tier,True,2025-12-31,19,True,True,5,False,2,7,5,pearson,LassoReg,,2,{},2025-12-30 10:00:00,2026-01-01,278.055506081269,6.120442268915238,344.497412,5.822,,14,24,4,4,5,4,0.05257560159958463,4947.526690143447,4782.302714603503,278.055506081269,6.120442268915238,-4.140305209798942,-179.97633224870987,183.65180775232835,3.6574372978027663,-2.2114809338847077,-106.38725678334906,333.1243301064845,7.557195168730847,-5.265452704082246,-222.903292936837,203.6495146825384,4.042945124918048,-2.636345752422464,-129.31839511873912,348.6791175740048,7.898537895281478,-4.982040080379034,-209.5267955745267,295.2471586139909,6.478056348305477,-4.117836906921351,-179.97633224871024,-106.38725678334906,-222.903292936837,hourly_window_mean_factor_top_available_analogs,4,22.931138335390056,-13.376497362310298,3.590110664893138e-13,22.931138335390056,-13.376497362310298,3.590110664893138e-13,129.31839511873912,209.52679557452672,179.97633224871024,183.65180775232835,3.6574372978027663,203.6495146825384,4.042945124918048,333.1243301064845,7.557195168730847,348.6791175740048,7.898537895281478,295.2471586139909,6.478056348305477,-15.554787467520327,-0.34134272655063125,-0.35761407939023915
experiment_2026_06_15_17_08_deep_reg_LassoReg,SEN_demand_NES,2026-01-01,New Year's Day,H3,H,observance_tier,True,2026-01-01,19,True,True,8,False,2,8,8,pearson,LassoReg,,2,{},2025-12-31 10:00:00,2026-01-02,760.8592976062704,19.28968383380786,309.775617,5.443,,14,24,4,4,8,4,0.08489472699506968,4820.307811553639,4756.206243547645,760.8592976062704,19.28968383380786,-19.28968383380786,-760.8592976062704,535.9802167067717,12.302999771219149,-12.302999771219149,-535.9802167067717,892.038761464311,23.36524953698461,-23.36524953698461,-892.038761464311,845.6187976008563,19.328450277466043,-19.328450277466043,-845.6187976008563,711.4162559427623,18.461091555445226,-18.461091555445226,-711.4162559427623,760.8592976062705,18.78064476882132,-18.78064476882132,-760.8592976062705,-535.9802167067717,-892.038761464311,hourly_window_mean_factor_top_available_analogs,4,309.6385808940846,-180.62250552154887,3.231099598403824e-13,309.6385808940846,-180.62250552154887,3.231099598403824e-13,845.6187976008563,711.4162559427622,760.8592976062707,535.9802167067717,12.302999771219149,845.6187976008563,19.328450277466043,892.038761464311,23.36524953698461,711.4162559427623,18.461091555445226,760.8592976062705,18.78064476882132,180.62250552154876,4.9041579815393845,0.509039064986542
experiment_2026_06_15_17_08_deep_reg_LassoReg,SEN_demand_NOR,2025-01-01,New Year's Day,H3,H,observance_tier,True,2025-01-01,19,True,True,2,False,2,6,2,pearson,LassoReg,,2,{},2024-12-31 10:00:00,2025-01-02,34.71814995429789,1.8337820213020892,80.228019,3.78,,14,24,2,4,2,2,0.09551917728693611,1843.1980574921904,1724.9930902459937,34.71814995429789,1.8337820213020892,0.7888441189156583,17.280499613072745,40.32121042778236,1.8963760013528825,1.4617038825643165,31.565100085757845,31.449698011431952,1.7972688662724596,0.39634259012060785,8.947816004006436,40.75960564553312,1.9509400610066547,0.5423886408698149,12.440696249809823,34.654756607838884,1.9686407746267491,1.057724515739492,20.10371824164279,36.903911516463076,1.962119459082504,0.86786393026119,17.28049961307275,31.565100085757845,8.947816004006436,hourly_window_mean_factor_top_available_analogs,2,19.12440383594802,-11.155902237636354,-5.983517774821896e-15,19.12440383594802,-11.155902237636354,-5.983517774821896e-15,-12.440696249809825,-20.103718241642788,-17.280499613072752,40.32121042778236,1.8963760013528825,40.75960564553312,1.9509400610066547,31.449698011431952,1.7972688662724596,34.654756607838884,1.9686407746267491,36.903911516463076,1.962119459082504,-3.205058596406932,-0.1713719083542895,-0.12833743778041473
experiment_2026_06_15_17_08_deep_reg_LassoReg,SEN_demand_NOR,2025-09-16,Independence Day,H2,H,observance_tier,True,2025-09-16,19,True,True,2,False,2,6,2,pearson,LassoReg,,2,{},2025-09-15 10:00:00,2025-09-17,150.4471358828845,3.6942078758653376,104.382165,4.291,,14,24,2,4,2,2,0.09159264999715855,4166.769893724668,4049.347654097109,150.4471358828845,3.6942078758653376,-1.3671545124971012,-64.96980030361487,75.7360005756867,1.8144656161492705,0.9215630602630741,35.03853119951801,194.02863147874987,4.790724194033045,-2.702239763273871,-123.3079936804424,91.1800189430336,2.0291121539150567,1.7939452216169518,81.02113612543401,150.13117988722715,3.740263059655021,-3.740263059655021,-150.13117988722715,128.41233111831374,3.1098390417508233,-1.7013442191863997,-64.96980030361514,35.03853119951801,-123.3079936804424,hourly_window_mean_factor_top_available_analogs,2,-45.98260492591599,26.823186206784765,2.7524181764180723e-13,-45.98260492591599,26.823186206784765,2.7524181764180723e-13,-81.021136125434,150.13117988722715,64.96980030361514,75.7360005756867,1.8144656161492705,91.1800189430336,2.0291121539150567,194.02863147874987,4.790724194033045,150.13117988722715,3.740263059655021,128.41233111831374,3.1098390417508233,43.897451591522724,1.0504611343780237,0.5843688341145143
experiment_2026_06_15_17_08_deep_reg_LassoReg,SEN_demand_NOR,2025-12-24,Christmas Eve,H1,G,observance_tier,True,2025-12-24,19,True,True,2,False,2,6,2,pearson,LassoReg,,2,{},2025-12-23 10:00:00,2025-12-25,77.07701345726713,3.3815481911736627,113.345372,4.49,,14,24,2,4,2,2,0.06411017033655877,2334.7834481034074,2250.405348230241,77.07701345726713,3.3815481911736627,-1.3724246693386184,-31.958379156039175,75.07390500422814,3.1707184692427575,-2.3154212953715563,-53.19816217169302,78.24549338820653,3.5045321956333573,-0.8223433041527383,-19.5685057302411,69.41057928717503,2.9402818537703617,-1.8381487662671012,-41.27540058581111,68.97855004541093,3.064651700562656,-1.168229600099612,-26.523449988671995,69.1377187134293,3.0188312306918106,-1.4150419244771082,-31.95837915603904,-53.19816217169302,-19.5685057302411,hourly_window_mean_factor_top_available_analogs,2,-11.922761585881906,6.954944258430895,-1.3762090882090361e-13,-11.922761585881906,6.954944258430895,-1.3762090882090361e-13,41.27540058581111,26.523449988671995,31.958379156039037,75.07390500422814,3.1707184692427575,69.41057928717503,2.9402818537703617,78.24549338820653,3.5045321956333573,68.97855004541093,3.064651700562656,69.1377187134293,3.0188312306918106,9.2669433427956,0.43988049507070137,0.3627169604818521
experiment_2026_06_15_17_08_deep_reg_LassoReg,SEN_demand_NOR,2025-12-25,Christmas Day,H2,H,observance_tier,True,2025-12-25,19,True,True,2,False,2,6,2,pearson,LassoReg,,2,{},2025-12-24 10:00:00,2025-12-26,51.893707120713486,2.458669428671499,113.333877,4.48,,14,24,2,4,2,2,0.09550212748492472,2083.936888921154,1936.3394422756812,51.893707120713486,2.458669428671499,1.0699906162774995,20.522345815688396,40.5701241959385,1.779221411360999,-1.6419707194074886,-37.41000959910626,58.4991304934989,2.855014105435956,2.6519680620937427,54.31621980765195,33.03304108238909,1.459003465761324,-1.2129008739870746,-27.346153981326843,52.508410546333806,2.5285393738144006,2.3295290144285086,48.44563736394659,45.333274428038386,2.1344998287422143,1.0244232660648727,20.522345815687956,-37.41000959910626,54.31621980765195,hourly_window_mean_factor_top_available_analogs,2,-10.063855617779414,5.870582443705359,4.4278031533682034e-13,-10.063855617779414,5.870582443705359,4.4278031533682034e-13,27.346153981326847,-48.44563736394659,-20.522345815687952,40.5701241959385,1.779221411360999,33.03304108238909,1.459003465761324,58.4991304934989,2.855014105435956,52.508410546333806,2.5285393738144006,45.333274428038386,2.1344998287422143,5.990719947165097,0.3264747316215555,0.32416959992928485
experiment_2026_06_15_17_08_deep_reg_LassoReg,SEN_demand_NOR,2025-12-31,New Year's Eve,H1,G,observance_tier,True,2025-12-31,19,True,True,2,False,2,7,2,pearson,LassoReg,,2,{},2025-12-30 10:00:00,2026-01-01,42.34698017910791,1.8206495352379313,110.841791,4.518,,14,24,2,4,2,2,0.06655316860939135,2284.5768851936505,2211.0530863787867,42.34698017910791,1.8206495352379313,1.6255447164378385,37.97150243792899,50.34075826658496,2.025638478301507,2.025638478301507,50.34075826658496,37.68394296141296,1.7010726517841785,1.3921566886840313,30.75610320454634,30.38693608993312,1.2190451580320054,1.1408637852031813,28.648554560357884,60.393911959410595,2.724990015991466,1.9910648144891727,43.40988869984469,49.338710323287316,2.1701682262169273,1.677832856331176,37.9715024379285,50.34075826658496,30.75610320454634,hourly_window_mean_factor_top_available_analogs,2,21.692203706227083,-12.653785495298356,4.906484575353955e-13,21.692203706227083,-12.653785495298356,4.906484575353955e-13,-28.64855456035788,-43.40988869984469,-37.9715024379285,50.34075826658496,2.025638478301507,30.38693608993312,1.2190451580320054,37.68394296141296,1.7010726517841785,60.393911959410595,2.724990015991466,49.338710323287316,2.1701682262169273,-22.709968997997635,-1.0239173642072874,-0.349518690978996
experiment_2026_06_15_17_08_deep_reg_LassoReg,SEN_demand_NOR,2026-01-01,New Year's Day,H3,H,observance_tier,True,2026-01-01,19,True,True,2,False,2,8,2,pearson,LassoReg,,2,{},2025-12-31 10:00:00,2026-01-02,73.40567839394153,3.703080086793218,100.403573,4.011,,14,24,2,4,2,2,0.09051208951164946,2138.647778657099,2022.8594430112007,73.40567839394153,3.703080086793218,-3.703080086793218,-73.40567839394153,46.1279669072113,2.0100130930394355,-2.0100130930394355,-46.1279669072113,89.31767676120084,4.690702499816255,-4.690702499816255,-89.31767676120084,71.44165765552007,3.108032567181504,-3.108032567181504,-71.44165765552007,74.55135715802002,3.9051893669342714,-3.9051893669342714,-74.55135715802002,73.40567839394109,3.611500019656935,-3.611500019656935,-73.40567839394109,-46.1279669072113,-89.31767676120084,hourly_window_mean_factor_top_available_analogs,2,25.313690748308773,-14.76631960318081,-4.367967975619984e-13,25.313690748308773,-14.76631960318081,-4.367967975619984e-13,71.44165765552007,74.55135715802004,73.40567839394109,46.1279669072113,2.0100130930394355,71.44165765552007,3.108032567181504,89.31767676120084,4.690702499816255,74.55135715802002,3.9051893669342714,73.40567839394109,3.611500019656935,14.766319603180818,0.7855131328819835,0.09158006713628275
experiment_2026_06_15_17_08_deep_reg_LassoReg,SEN_demand_NTE,2025-01-01,New Year's Day,H3,H,observance_tier,True,2025-01-01,19,True,True,2,False,2,6,2,pearson,LassoReg,,2,{},2024-12-31 10:00:00,2025-01-02,54.27735123510655,2.3451133941262343,131.085066,4.85,,14,24,2,4,2,2,0.08054979692761956,2185.2904312880864,2083.623221512093,54.27735123510655,2.3451133941262343,2.264683234242963,52.505632922439375,74.51978390761194,3.0629142888369523,2.9745084538364597,72.29522338163754,42.46926550947839,1.9263962055449824,1.8506185228134242,40.961705154573785,63.216590748213385,2.5368696972155393,2.376366282504651,59.569919603297976,56.01824755983048,2.5327965124665783,2.122340516080723,48.384799025272606,58.67026873449786,2.5342971594793537,2.2159289563421702,52.50563292243985,72.29522338163754,40.961705154573785,hourly_window_mean_factor_top_available_analogs,2,12.725303778339562,-7.423093870698826,-4.726979042109298e-13,12.725303778339562,-7.423093870698826,-4.726979042109298e-13,-59.569919603297976,-48.38479902527261,-52.50563292243985,74.51978390761194,3.0629142888369523,63.216590748213385,2.5368696972155393,42.46926550947839,1.9263962055449824,56.01824755983048,2.5327965124665783,58.67026873449786,2.5342971594793537,-13.548982050352087,-0.606400306921596,-0.18918376535311943
experiment_2026_06_15_17_08_deep_reg_LassoReg,SEN_demand_NTE,2025-09-16,Independence Day,H2,H,observance_tier,True,2025-09-16,19,True,True,2,False,2,6,2,pearson,LassoReg,,2,{},2025-09-15 10:00:00,2025-09-17,294.48237500592643,8.11756086701235,127.570886,4.338,,14,24,2,4,2,2,0.11269796975325497,3645.2968371424267,3754.332572704085,294.48237500592643,8.11756086701235,-1.3254701148836119,-35.7809274055842,357.2383764229972,9.37996557613994,8.954496952802865,341.2216388204183,257.8747075126351,7.381158120021252,-7.322117571034057,-255.69909103741898,504.7828939478833,13.241333697958748,13.241333697958748,504.7828939478833,390.92987583578866,11.089754945494954,-9.91470222579331,-351.1098231951075,432.87572461392887,11.882441854297406,-1.3835310959899187,-35.7809274055846,341.2216388204183,-255.69909103741898,hourly_window_mean_factor_top_available_analogs,2,-163.561255127465,95.41073215768853,3.9491217313824517e-13,-163.561255127465,95.41073215768853,3.9491217313824517e-13,-504.7828939478833,351.10982319510754,35.7809274055846,357.2383764229972,9.37996557613994,504.7828939478833,13.241333697958748,257.8747075126351,7.381158120021252,390.92987583578866,11.089754945494954,432.87572461392887,11.882441854297406,-133.05516832315357,-3.7085968254737027,-3.764880987285057
experiment_2026_06_15_17_08_deep_reg_LassoReg,SEN_demand_NTE,2025-12-24,Christmas Eve,H1,G,observance_tier,True,2025-12-24,19,True,True,2,False,2,6,2,pearson,LassoReg,,2,{},2025-12-23 10:00:00,2025-12-25,119.3187726063753,4.779104087442922,119.668878,3.957,,14,24,2,4,2,2,0.052039099535521466,2631.8102811824047,2588.0820603370275,119.3187726063753,4.779104087442922,-2.355131231864848,-50.493882761352204,80.45995964256478,2.837874519543847,2.097445560286743,61.87951879694833,141.98641350193142,5.911488002050715,-4.952467693953276,-116.04503367036085,112.5067189929039,4.20164817548748,-1.599870714047334,-36.23219267421219,125.56330045431939,5.227069741571515,-2.6319059120736648,-58.813201978850124,120.75298096853471,4.849282848803713,-2.2516824180639636,-50.49388276135194,61.87951879694833,-116.04503367036085,hourly_window_mean_factor_top_available_analogs,2,98.11171147116053,-57.23183169151073,-2.6327478209216345e-13,98.11171147116053,-57.23183169151073,-2.6327478209216345e-13,36.2321926742122,58.813201978850124,50.49388276135194,80.45995964256478,2.837874519543847,112.5067189929039,4.20164817548748,141.98641350193142,5.911488002050715,125.56330045431939,5.227069741571515,120.75298096853471,4.849282848803713,16.423113047612034,0.6844182604792,-0.0701787613607916
experiment_2026_06_15_17_08_deep_reg_LassoReg,SEN_demand_NTE,2025-12-25,Christmas Day,H2,H,observance_tier,True,2025-12-25,19,True,True,2,False,2,6,2,pearson,LassoReg,,2,{},2025-12-24 10:00:00,2025-12-26,182.24676057715345,8.658477016138212,120.679397,4.015,,14,24,2,4,2,2,0.05850597607039889,2391.630795716524,2344.452470138942,182.24676057715345,8.658477016138212,-8.412493618933299,-176.00482255862957,72.61738204265907,3.025045480560968,-2.3573762595762022,-55.674978849522795,246.19723138894187,11.944645411891607,-11.944645411891607,-246.19723138894187,77.16849018437873,3.174360857273651,-1.1277371195333263,-25.682230358606667,263.69300134197584,12.79962660706817,-12.79962660706817,-263.69300134197584,194.97344459970319,9.25347606767019,-8.499456795871124,-176.0048225586293,-55.674978849522795,-246.19723138894187,hourly_window_mean_factor_top_available_analogs,2,-29.992748490916124,17.49576995303401,-2.5130774654251967e-13,-29.992748490916124,17.49576995303401,-2.5130774654251967e-13,25.68223035860667,263.6930013419759,176.00482255862931,72.61738204265907,3.025045480560968,77.16849018437873,3.174360857273651,246.19723138894187,11.944645411891607,263.69300134197584,12.79962660706817,194.97344459970319,9.25347606767019,-17.49576995303397,-0.8549811951765633,-0.5949990515319783
experiment_2026_06_15_17_08_deep_reg_LassoReg,SEN_demand_NTE,2025-12-31,New Year's Eve,H1,G,observance_tier,True,2025-12-31,19,True,True,4,False,2,7,4,pearson,LassoReg,,2,{},2025-12-30 10:00:00,2026-01-01,464.0630232367985,17.279619421841517,141.678191,4.954,,14,24,4,4,4,4,0.06758084649823771,2270.63809702636,2081.9448055993216,464.0630232367985,17.279619421841517,17.279619421841517,464.0630232367985,354.9145240987182,12.10660568646781,12.10660568646781,354.9145240987182,527.7329810673452,20.297210767476177,20.297210767476177,527.7329810673452,477.0616418235516,16.096066853506052,16.096066853506052,477.0616418235516,456.4804957278584,17.368392097496983,17.368392097496983,456.4804957278584,464.063023236798,16.899640691816114,16.899640691816114,464.063023236798,354.9145240987182,527.7329810673452,hourly_window_mean_factor_top_available_analogs,4,-122.14711772483341,71.25248533948678,3.9491217313824517e-13,-122.14711772483341,71.25248533948678,3.9491217313824517e-13,-477.06164182355155,-456.48049572785845,-464.0630232367981,354.9145240987182,12.10660568646781,477.0616418235516,16.096066853506052,527.7329810673452,20.297210767476177,456.4804957278584,17.368392097496983,464.063023236798,16.899640691816114,71.25248533948684,2.9288186699791936,0.37997873002540317
experiment_2026_06_15_17_08_deep_reg_LassoReg,SEN_demand_NTE,2026-01-01,New Year's Day,H3,H,observance_tier,True,2026-01-01,19,True,True,2,False,2,8,2,pearson,LassoReg,,2,{},2025-12-31 10:00:00,2026-01-02,80.01327459714999,3.508617573557547,130.962581,4.676,,14,24,2,4,2,2,0.08413461714348418,2397.4190228306584,2271.2175869994735,80.01327459714999,3.508617573557547,-3.2639426685110577,-74.00941493592161,56.49995321021837,2.2406316103273434,-1.7666596171745415,-44.10157925554706,93.72937873952675,4.248276052108499,-4.137357781790692,-91.4556524161401,49.509610154406055,1.9631371352439293,-1.2502107493797894,-30.44589102813367,100.2485326198633,4.567842100265313,-4.527495866233328,-99.42147054879786,81.55524539574748,3.608213955257435,-3.3200750337083402,-74.00941493592157,-44.10157925554706,-91.4556524161401,hourly_window_mean_factor_top_available_analogs,2,-13.65568822741339,7.965818132657745,-4.188462442375327e-14,-13.65568822741339,7.965818132657745,-4.188462442375327e-14,30.445891028133666,99.42147054879784,74.00941493592157,56.49995321021837,2.2406316103273434,49.509610154406055,1.9631371352439293,93.72937873952675,4.248276052108499,100.2485326198633,4.567842100265313,81.55524539574748,3.608213955257435,-6.519153880336546,-0.31956604815681455,-0.09959638169988816
experiment_2026_06_15_17_08_deep_reg_LassoReg,SEN_demand_OCC,2025-01-01,New Year's Day,H3,H,observance_tier,True,2025-01-01,19,True,True,5,False,2,6,5,euclidian,LassoReg,,2,{},2024-12-31 10:00:00,2025-01-02,472.3812394391442,8.26436600041355,367.960584,5.519,,14,24,4,4,5,4,0.1116405475244802,5585.257513981909,5027.58993231475,472.3812394391442,8.26436600041355,8.26436600041355,472.3812394391442,295.2972103029621,4.338741293604898,4.338741293604898,295.2972103029621,575.6802564352505,10.554313746051932,10.554313746051932,575.6802564352505,578.1888126083194,8.434902189065735,8.434902189065735,578.1888126083194,410.6601550904573,7.212888343375489,7.212888343375489,410.6601550904573,472.38123943914326,7.663103970735053,7.663103970735053,472.38123943914326,295.2972103029621,575.6802564352505,hourly_window_mean_factor_top_available_analogs,4,-282.89160230535725,165.0201013447931,8.496595240247093e-13,-282.89160230535725,165.0201013447931,8.496595240247093e-13,-578.1888126083194,-410.6601550904574,-472.38123943914337,295.2972103029621,4.338741293604898,578.1888126083194,8.434902189065735,575.6802564352505,10.554313746051932,410.6601550904573,7.212888343375489,472.38123943914326,7.663103970735053,165.0201013447932,3.3414254026764425,0.6012620296784981
experiment_2026_06_15_17_08_deep_reg_LassoReg,SEN_demand_OCC,2025-09-16,Independence Day,H2,H,observance_tier,True,2025-09-16,19,True,True,6,False,2,6,6,pearson,LassoReg,,2,{},2025-09-15 10:00:00,2025-09-17,1568.8029374970786,21.682095222718118,273.374996,3.66,,14,24,4,4,6,4,0.10237026806085434,5892.082095660817,4975.405131308046,1568.8029374970786,21.682095222718118,21.682095222718118,1568.8029374970786,810.1877875915782,9.761088983502074,9.761088983502074,810.1877875915782,2011.3284416086208,28.636015528927484,28.636015528927484,2011.3284416086208,2706.2828329301133,32.69626748235031,32.69626748235031,2706.2828329301133,905.2729984944735,13.009442452019817,13.009442452019817,905.2729984944735,1568.802937497078,20.262483252667895,20.262483252667895,1568.802937497078,810.1877875915782,2011.3284416086208,hourly_window_mean_factor_top_available_analogs,4,-1896.095045338536,1106.0554431141468,6.462199196807648e-13,-1896.095045338536,1106.0554431141468,6.462199196807648e-13,-2706.282832930114,-905.272998494474,-1568.802937497078,810.1877875915782,9.761088983502074,2706.2828329301133,32.69626748235031,2011.3284416086208,28.636015528927484,905.2729984944735,13.009442452019817,1568.802937497078,20.262483252667895,1106.0554431141472,15.626573076907667,1.419611970050223
experiment_2026_06_15_17_08_deep_reg_LassoReg,SEN_demand_OCC,2025-12-24,Christmas Eve,H1,G,observance_tier,True,2025-12-24,19,True,True,2,False,2,6,2,euclidian,LassoReg,,2,{},2025-12-23 10:00:00,2025-12-25,547.8218737784449,7.0477083017127775,323.36741,4.271,,14,24,2,4,2,2,0.09571216809845891,7139.12408674787,6635.946618264378,547.8218737784449,7.0477083017127775,7.0477083017127775,547.8218737784449,600.7201887089988,6.8931267037941755,6.8931267037941755,600.7201887089988,516.9645234022886,7.137880900498629,7.137880900498629,516.9645234022886,551.3159681347317,6.285754917160959,6.285754917160959,551.3159681347317,555.5582781859213,7.667716210116777,7.523259243900931,545.7836520706123,553.9953218512725,7.158572575869895,7.067336597207256,547.8218737784457,600.7201887089988,516.9645234022886,hourly_window_mean_factor_top_available_analogs,2,49.40422057426694,-28.819128668323703,-8.376924884750655e-13,49.40422057426694,-28.819128668323703,-8.376924884750655e-13,-551.3159681347319,-545.7836520706123,-547.8218737784457,600.7201887089988,6.8931267037941755,551.3159681347317,6.285754917160959,516.9645234022886,7.137880900498629,555.5582781859213,7.667716210116777,553.9953218512725,7.158572575869895,-38.593754783632676,-0.5298353096181474,-0.11086427415711775
experiment_2026_06_15_17_08_deep_reg_LassoReg,SEN_demand_OCC,2025-12-25,Christmas Day,H2,H,observance_tier,True,2025-12-25,19,True,True,2,False,2,6,2,euclidian,LassoReg,,2,{},2025-12-24 10:00:00,2025-12-26,995.8387096354026,17.43487381614624,345.587382,4.553,,14,24,2,4,2,2,0.06926025280345521,7251.452391643167,7242.920167604207,995.8387096354026,17.43487381614624,-16.771248651148696,-947.3664405905374,308.72324383173617,4.426291685480794,-2.6250233804874687,-177.15565642424548,1396.6560646875407,25.023213392367747,-25.023213392367747,-1396.6560646875407,323.71574334013593,4.618166918266125,-2.536650515488496,-172.14100912974274,1399.5812756093312,24.99682105072969,-24.99682105072969,-1399.5812756093312,1003.2097637206806,17.488895844032587,-16.722021379851352,-947.3664405905356,-177.15565642424548,-1396.6560646875407,hourly_window_mean_factor_top_available_analogs,2,-5.0146472945027325,2.9252109217905704,-1.6993190480494186e-12,-5.0146472945027325,2.9252109217905704,-1.6993190480494186e-12,172.14100912974274,1399.5812756093312,947.3664405905357,308.72324383173617,4.426291685480794,323.71574334013593,4.618166918266125,1396.6560646875407,25.023213392367747,1399.5812756093312,24.99682105072969,1003.2097637206806,17.488895844032587,-2.9252109217904945,0.026392341638057815,-0.054022027886347246
experiment_2026_06_15_17_08_deep_reg_LassoReg,SEN_demand_OCC,2025-12-31,New Year's Eve,H1,G,observance_tier,True,2025-12-31,19,True,True,7,False,2,7,7,pearson,LassoReg,,2,{},2025-12-30 10:00:00,2026-01-01,106.82491820395454,1.4489508441088739,320.277013,4.481,,14,24,4,4,7,4,0.07333903013201615,7465.2324523648285,7069.91182379314,106.82491820395454,1.4489508441088739,-0.22537597568384332,-20.18016894377596,84.37930683974004,1.0343954551592245,-0.9473451952943212,-77.69216205915356,119.91819149974633,1.6907748209961693,0.19577273575560208,13.368493706860969,229.02059283417708,2.914085144641138,-1.568185159381761,-113.78481912671006,135.80111586587634,1.912639130792865,0.4323152909430165,34.42254366293548,170.14513369630293,2.281592925368544,-0.3047111907555858,-20.18016894377603,-77.69216205915356,13.368493706860969,hourly_window_mean_factor_top_available_analogs,4,36.0926570675565,-21.05404995607451,7.180221329786275e-14,36.0926570675565,-21.05404995607451,7.180221329786275e-14,113.78481912671006,-34.42254366293548,20.18016894377603,84.37930683974004,1.0343954551592245,229.02059283417708,2.914085144641138,119.91819149974633,1.6907748209961693,135.80111586587634,1.912639130792865,170.14513369630293,2.281592925368544,-15.882924366130013,-0.2218643097966957,-0.83264208125967
experiment_2026_06_15_17_08_deep_reg_LassoReg,SEN_demand_OCC,2026-01-01,New Year's Day,H3,H,observance_tier,True,2026-01-01,19,True,True,7,False,2,8,7,pearson,LassoReg,,2,{},2025-12-31 10:00:00,2026-01-02,172.48860056865644,2.767658508676129,318.937401,4.466,,14,24,4,4,7,4,0.11151662082763797,6437.056355371521,6002.401923445485,172.48860056865644,2.767658508676129,-2.352080233973854,-145.33580852941665,140.9778836418798,1.9624556351232154,-1.0775076781130095,-79.28520938758662,190.86985210927614,3.237360184915328,-3.095580891559346,-183.8653246954842,91.90680595582171,1.3014569602297663,-1.0716331748574042,-75.07177136395168,186.32316354260342,3.352274909895595,-3.352274909895595,-186.32316354260342,151.53818969484175,2.596710402123974,-2.5120384811973144,-145.33580852941594,-79.28520938758662,-183.8653246954842,hourly_window_mean_factor_top_available_analogs,4,-4.213438023634938,2.4578388471192434,-7.180221329786276e-13,-4.213438023634938,2.4578388471192434,-7.180221329786276e-13,75.07177136395168,186.32316354260342,145.33580852941594,140.9778836418798,1.9624556351232154,91.90680595582171,1.3014569602297663,190.86985210927614,3.237360184915328,186.32316354260342,3.352274909895595,151.53818969484175,2.596710402123974,4.546688566672714,-0.11491472498026667,0.1709481065521552
experiment_2026_06_15_17_08_deep_reg_LassoReg,SEN_demand_ORI,2025-01-01,New Year's Day,H3,H,observance_tier,True,2025-01-01,19,True,True,3,False,2,6,3,euclidian,LassoReg,standard,2,{},2024-12-31 10:00:00,2025-01-02,106.35202338004389,1.9610083142136732,263.534975,4.742,,14,24,3,4,3,3,0.10399913206143446,5240.214002285383,4961.417806565412,106.35202338004389,1.9610083142136732,0.6952065288474589,48.58643639882786,138.70397908596456,2.29969687889652,1.9414719874810487,119.4414157660962,87.48004921825684,1.763439984815345,-0.03178165535546847,7.254365101254659,94.51635071843,1.5957852074120698,0.7997613357868066,50.49922510023355,81.35409896620558,1.661184949476608,0.9220116994565214,47.47064298967447,86.20334961176195,1.637090307663357,0.8769720917887319,48.586436398827814,119.4414157660962,7.254365101254659,hourly_window_mean_factor_top_available_analogs,3,68.94219066586265,-40.2162778884198,4.786814219857517e-14,68.94219066586265,-40.2162778884198,4.786814219857517e-14,-50.499225100233545,-47.47064298967446,-48.58643639882781,138.70397908596456,2.29969687889652,94.51635071843,1.5957852074120698,87.48004921825684,1.763439984815345,81.35409896620558,1.661184949476608,86.20334961176195,1.637090307663357,6.125950252051254,0.10225503533873703,0.3239180065503162
experiment_2026_06_15_17_08_deep_reg_LassoReg,SEN_demand_ORI,2025-09-16,Independence Day,H2,H,observance_tier,True,2025-09-16,19,True,True,6,False,2,6,6,pearson,LassoReg,,2,{},2025-09-15 10:00:00,2025-09-17,1044.5987156936715,16.256853301178477,264.909123,4.471,,14,24,4,4,6,4,0.08564616015342955,5460.792949569486,5037.219795266804,1044.5987156936715,16.256853301178477,16.256853301178477,1044.5987156936715,874.3562116259161,12.31250285783057,12.31250285783057,874.3562116259161,1143.9068430665286,18.557724393131423,18.557724393131423,1143.9068430665286,1191.521682215944,16.875183321644265,16.875183321644265,1191.521682215944,958.8936518890127,15.491037551336023,15.491037551336023,958.8936518890127,1044.5987156936717,16.00098599302853,16.00098599302853,1044.5987156936717,874.3562116259161,1143.9068430665286,hourly_window_mean_factor_top_available_analogs,4,-317.1654705900282,185.01319117751612,-1.9147256879430067e-13,-317.1654705900282,185.01319117751612,-1.9147256879430067e-13,-1191.5216822159443,-958.8936518890125,-1044.5987156936717,874.3562116259161,12.31250285783057,1191.521682215944,16.875183321644265,1143.9068430665286,18.557724393131423,958.8936518890127,15.491037551336023,1044.5987156936717,16.00098599302853,185.01319117751586,3.0666868417954003,0.2558673081499485
experiment_2026_06_15_17_08_deep_reg_LassoReg,SEN_demand_ORI,2025-12-24,Christmas Eve,H1,G,observance_tier,True,2025-12-24,19,True,True,4,False,2,6,4,pearson,LassoReg,,2,{},2025-12-23 10:00:00,2025-12-25,246.38365234536445,4.184125498271733,251.048033,4.097,,14,24,4,4,4,4,0.06853156308392454,5864.406319718512,5662.971600829008,246.38365234536445,4.184125498271733,2.36512044256326,133.97217870254028,103.95944015297702,1.6577749067820153,1.1302735911323567,68.70973075662187,329.4644427909238,5.65783000997407,3.0854477725646205,172.041940004326,69.25274193757994,1.0909039750999778,0.4609782981340076,30.264614909154457,239.5323212716968,4.138615289985592,3.395832783350164,194.46825758201518,176.797739411759,3.0157742792382605,2.3145706045863164,133.97217870254016,68.70973075662187,172.041940004326,hourly_window_mean_factor_top_available_analogs,4,38.44511584746741,-22.426317577689172,9.573628439715034e-14,38.44511584746741,-22.426317577689172,9.573628439715034e-14,-30.264614909154453,-194.46825758201516,-133.9721787025402,103.95944015297702,1.6577749067820153,69.25274193757994,1.0909039750999778,329.4644427909238,5.65783000997407,239.5323212716968,4.138615289985592,176.797739411759,3.0157742792382605,89.932121519227,1.5192147199884785,1.1683512190334726
experiment_2026_06_15_17_08_deep_reg_LassoReg,SEN_demand_ORI,2025-12-25,Christmas Day,H2,H,observance_tier,True,2025-12-25,19,True,True,4,False,2,6,4,pearson,LassoReg,,2,{},2025-12-24 10:00:00,2025-12-26,71.12451487776147,1.2482657349713135,242.23922,3.964,,14,24,4,4,4,4,0.1060617114890309,5496.704643490833,5210.258240653621,71.12451487776147,1.2482657349713135,0.08245138644883142,5.253306509165237,89.48173925304589,1.5151106454654573,-0.5291910957395602,-30.984512640343706,60.41613399217889,1.0926062038497293,0.4392428343920598,26.39203434637879,134.57445039200113,2.257225061155716,-2.1795351888518737,-129.86442245345526,103.34026425603697,1.991304043012218,1.6589704569986876,84.07198173736253,114.84759599033956,2.0892749444335066,0.24478416642216477,5.253306509166506,-30.984512640343706,26.39203434637879,hourly_window_mean_factor_top_available_analogs,4,98.87990981311155,-57.67994739098375,-1.268505768262242e-12,98.87990981311155,-57.67994739098375,-1.268505768262242e-12,129.86442245345526,-84.07198173736253,-5.253306509166506,89.48173925304589,1.5151106454654573,134.57445039200113,2.257225061155716,60.41613399217889,1.0926062038497293,103.34026425603697,1.991304043012218,114.84759599033956,2.0892749444335066,-42.92413026385808,-0.8986978391624887,-0.841009209462193
experiment_2026_06_15_17_08_deep_reg_LassoReg,SEN_demand_ORI,2025-12-31,New Year's Eve,H1,G,observance_tier,True,2025-12-31,19,True,True,4,False,2,7,4,pearson,LassoReg,,2,{},2025-12-30 10:00:00,2026-01-01,132.3247867845341,2.520198382215017,220.47452,3.68,,14,24,4,4,4,4,0.06764641149747684,5298.146257310737,5052.455385090497,132.3247867845341,2.520198382215017,-0.48746144253157636,-29.411002310737068,127.22180897400683,2.25036699311059,-2.25036699311059,-127.22180897400683,135.301523840675,2.677600025859267,0.5409001286395144,27.645301576170294,59.364889913923435,1.0807906600092416,-1.0400464776066796,-56.898728207065425,124.76466296464366,2.5071475818771565,-0.3373503210010382,-13.376495537879427,100.67000973543095,1.9816476632942408,-0.5962383786978535,-29.411002310737427,-127.22180897400683,27.645301576170294,hourly_window_mean_factor_top_available_analogs,4,-70.3230807669414,41.02179711404972,3.590110664893138e-13,-70.3230807669414,41.02179711404972,3.590110664893138e-13,56.89872820706543,13.376495537879425,29.411002310737427,127.22180897400683,2.25036699311059,59.364889913923435,1.0807906600092416,135.301523840675,2.677600025859267,124.76466296464366,2.5071475818771565,100.67000973543095,1.9816476632942408,10.53686087603134,0.17045244398211068,0.5385507189207763
experiment_2026_06_15_17_08_deep_reg_LassoReg,SEN_demand_ORI,2026-01-01,New Year's Day,H3,H,observance_tier,True,2026-01-01,19,True,True,8,False,2,8,8,pearson,LassoReg,,2,{},2025-12-31 10:00:00,2026-01-02,233.21097443543422,5.180741836058409,222.707728,3.797,,14,24,4,4,8,4,0.08553902596907362,4707.33129073388,4322.320140875042,233.21097443543422,5.180741836058409,3.873720637449274,161.38140137138257,144.48149270706003,2.7012452011425894,-0.8376288714648654,-50.005237634746926,284.9698387769858,6.62711487309264,6.622007850982523,284.6902741249581,525.8463120547718,9.994613180956245,9.994613180956245,525.8463120547718,209.0278953033287,4.716061160619758,-1.2799710860578641,-51.22312986059442,325.7504698959657,6.660790852322675,2.8738231175789135,161.38140137138262,-50.005237634746926,284.6902741249581,hourly_window_mean_factor_top_available_analogs,4,-575.8515496895187,335.9134039855525,-5.983517774821896e-14,-575.8515496895187,335.9134039855525,-5.983517774821896e-14,-525.8463120547718,51.22312986059444,-161.38140137138262,144.48149270706003,2.7012452011425894,525.8463120547718,9.994613180956245,284.9698387769858,6.62711487309264,209.0278953033287,4.716061160619758,325.7504698959657,6.660790852322675,75.94194347365709,1.9110537124728815,-1.4800490162642657
experiment_2026_06_15_17_08_deep_reg_LassoReg,SEN_demand_PEN,2025-01-01,New Year's Day,H3,H,observance_tier,True,2025-01-01,19,True,True,3,False,2,6,3,pearson,LassoReg,,2,{},2024-12-31 10:00:00,2025-01-02,26.88881576051859,1.7136621685786804,98.867594,6.573,,14,24,3,4,3,3,0.07766977531394474,1560.613842728632,1482.2902344386287,26.88881576051859,1.7136621685786804,1.3023113948443348,20.26813069242039,26.587438304289176,1.5148124223353212,0.923784523542767,17.13984591707588,27.06461927665241,1.8296578538873067,1.5231187364369159,22.09296347803802,43.6058942820442,2.5791336979198753,2.3159004411214026,39.337055850395586,21.689567347625978,1.4469566955999091,0.6227741499819376,9.144591016935047,29.764003586622163,1.864074538559897,1.2465575204017407,20.26813069242051,17.13984591707588,22.09296347803802,hourly_window_mean_factor_top_available_analogs,3,-22.197209933319705,12.948372461102972,-1.1967035549643792e-13,-22.197209933319705,12.948372461102972,-1.1967035549643792e-13,-39.337055850395586,-9.144591016935047,-20.26813069242051,26.587438304289176,1.5148124223353212,43.6058942820442,2.5791336979198753,27.06461927665241,1.8296578538873067,21.689567347625978,1.4469566955999091,29.764003586622163,1.864074538559897,5.375051929026434,0.3827011582873976,-0.15041236998121654
experiment_2026_06_15_17_08_deep_reg_LassoReg,SEN_demand_PEN,2025-09-16,Independence Day,H2,H,observance_tier,True,2025-09-16,19,True,True,3,False,2,6,3,pearson,LassoReg,,2,{},2025-09-15 10:00:00,2025-09-17,133.09345618957474,6.742850048578184,108.299475,6.423,,14,24,3,4,3,3,0.08317139677577494,1801.1027861788466,1748.5356749087093,133.09345618957474,6.742850048578184,6.742850048578184,133.09345618957474,195.94629307234726,9.523368830204221,9.523368830204221,195.94629307234726,96.42930134129074,5.120880759296328,5.120880759296328,96.42930134129074,240.63589298856377,11.609933280792811,11.609933280792811,240.63589298856377,73.92387141651315,3.804271626953465,3.574779735199197,70.3603680568307,135.34408989042655,6.680041709946909,6.535099462523161,133.09345618957445,195.94629307234726,96.42930134129074,hourly_window_mean_factor_top_available_analogs,3,-44.689599916216515,26.06893328446006,2.692582998669853e-13,-44.689599916216515,26.06893328446006,2.692582998669853e-13,-240.63589298856377,-70.36036805683068,-133.09345618957448,195.94629307234726,9.523368830204221,240.63589298856377,11.609933280792811,96.42930134129074,5.120880759296328,73.92387141651315,3.804271626953465,135.34408989042655,6.680041709946909,22.505429924777587,1.3166091323428626,0.06280833863127455
experiment_2026_06_15_17_08_deep_reg_LassoReg,SEN_demand_PEN,2025-12-24,Christmas Eve,H1,G,observance_tier,True,2025-12-24,19,True,True,3,False,2,6,3,pearson,LassoReg,,2,{},2025-12-23 10:00:00,2025-12-25,37.18493123343229,2.2037433441994914,94.962785,5.451,,14,24,3,4,3,3,0.06795920545042504,1746.6552154715,1700.5761017150016,37.18493123343229,2.2037433441994914,-1.0330113565465382,-16.536109682026424,33.9141491858835,1.9485518479449417,-0.9194639944147696,-14.114278339782995,39.09288742783574,2.3526050503479787,-1.0992473177900701,-17.948844631668425,23.677050859236115,1.3524681736094746,-0.7485797377060652,-12.03421418640718,41.3844835126082,2.5155102082969973,-1.1220714626329078,-19.162215387804185,34.86069253505006,2.087021037622647,-0.9844692481861763,-16.536109682026343,-14.114278339782995,-17.948844631668425,hourly_window_mean_factor_top_available_analogs,3,-2.0800641533758153,1.2133707561357596,-8.376924884750654e-14,-2.0800641533758153,1.2133707561357596,-8.376924884750654e-14,12.03421418640718,19.162215387804185,16.53610968202634,33.9141491858835,1.9485518479449417,23.677050859236115,1.3524681736094746,39.09288742783574,2.3526050503479787,41.3844835126082,2.5155102082969973,34.86069253505006,2.087021037622647,-2.2915960847724577,-0.1629051579490186,0.11672230657684457
experiment_2026_06_15_17_08_deep_reg_LassoReg,SEN_demand_PEN,2025-12-25,Christmas Day,H2,H,observance_tier,True,2025-12-25,19,True,True,3,False,2,6,3,pearson,LassoReg,,2,{},2025-12-24 10:00:00,2025-12-26,172.8343469086909,11.659262215772694,93.58872,5.376,,14,24,3,4,3,3,0.0714681707838675,1733.0008748034277,1687.4482051498596,172.8343469086909,11.659262215772694,-11.659262215772694,-172.8343469086909,95.36701492382997,5.592566694417867,-5.592566694417867,-95.36701492382997,218.0236238998597,15.19816793656301,-15.19816793656301,-218.0236238998597,101.74498477500967,5.893053138525427,-5.893053138525427,-101.74498477500967,214.30314148667154,14.857207657763624,-14.857207657763624,-214.30314148667154,172.83434690869086,11.554624413833762,-11.554624413833762,-172.83434690869086,-95.36701492382997,-218.0236238998597,hourly_window_mean_factor_top_available_analogs,3,6.377969851179695,-3.720482413188165,-5.983517774821896e-15,6.377969851179695,-3.720482413188165,-5.983517774821896e-15,101.74498477500967,214.30314148667154,172.8343469086909,95.36701492382997,5.592566694417867,101.74498477500967,5.893053138525427,218.0236238998597,15.19816793656301,214.30314148667154,14.857207657763624,172.83434690869086,11.554624413833762,3.720482413188165,0.3409602787993862,0.10463780193893157
experiment_2026_06_15_17_08_deep_reg_LassoReg,SEN_demand_PEN,2025-12-31,New Year's Eve,H1,G,observance_tier,True,2025-12-31,19,True,True,3,False,2,7,3,pearson,LassoReg,,2,{},2025-12-30 10:00:00,2026-01-01,201.98221323424121,14.401645044930921,99.624416,5.977,,14,24,3,4,3,3,0.06094391332380861,1655.1860756026624,1608.7181161124179,201.98221323424121,14.401645044930921,-14.401645044930921,-201.98221323424121,106.86337972879551,6.4853388869293065,-6.4853388869293065,-106.86337972879551,257.46819944575117,19.019490303765192,-19.019490303765192,-257.46819944575117,119.02942038518806,7.3135844181276495,-7.3135844181276495,-119.02942038518806,250.37134239618914,18.565854583418794,-18.565854583418794,-250.37134239618914,201.9822132342414,14.420281364627323,-14.420281364627323,-201.9822132342414,-106.86337972879551,-257.46819944575117,hourly_window_mean_factor_top_available_analogs,3,12.166040656392559,-7.096857049562033,1.8548905101947878e-13,12.166040656392559,-7.096857049562033,1.8548905101947878e-13,119.02942038518806,250.37134239618914,201.9822132342414,106.86337972879551,6.4853388869293065,119.02942038518806,7.3135844181276495,257.46819944575117,19.019490303765192,250.37134239618914,18.565854583418794,201.9822132342414,14.420281364627323,7.096857049562033,0.4536357203463979,-0.01863631969640167
experiment_2026_06_15_17_08_deep_reg_LassoReg,SEN_demand_PEN,2026-01-01,New Year's Day,H3,H,observance_tier,True,2026-01-01,19,True,True,8,False,2,8,8,pearson,LassoReg,,2,{},2025-12-31 10:00:00,2026-01-02,82.09678902960674,7.0398014190564355,104.273593,6.354,,14,24,4,4,8,4,0.07888923521543856,1217.1505446247277,1168.074723563179,82.09678902960674,7.0398014190564355,0.02376819619629693,11.51876905948273,75.69401905534018,5.3399127631051355,5.321455829359574,75.45367926976012,85.83173818126221,8.031403135028025,-3.066549589815615,-25.77659522984575,114.6475734755886,8.303523180371464,8.303523180371464,114.6475734755886,78.83454758551623,7.410755925495746,-4.752400554253929,-48.63970018324548,92.0288202818587,7.739670177292062,0.05767661113437337,11.518769059482864,75.45367926976012,-25.77659522984575,hourly_window_mean_factor_top_available_analogs,4,-39.19389420582848,22.86310495339973,-1.3462914993349266e-13,-39.19389420582848,22.86310495339973,-1.3462914993349266e-13,-114.64757347558859,48.63970018324548,-11.518769059482866,75.69401905534018,5.3399127631051355,114.6475734755886,8.303523180371464,85.83173818126221,8.031403135028025,78.83454758551623,7.410755925495746,92.0288202818587,7.739670177292062,6.997190595745977,0.6206472095322795,-0.6998687582356267
experiment_2026_06_15_17_08_deep_reg_LassoReg,SEN_demand_SIN,2025-01-01,New Year's Day,H3,H,observance_tier,True,2025-01-01,19,True,True,2,False,2,4,2,pearson,LassoReg,,2,{},2024-12-31 10:00:00,2025-01-02,563.8462073500017,2.1525362721041295,992.29754,3.19,,14,24,2,4,2,2,0.11072153467951576,25726.62667107105,23995.874651937353,563.8462073500017,2.1525362721041295,2.1525362721041295,563.8462073500017,652.0345418426126,2.210541781946289,2.210541781946289,652.0345418426126,512.403012229312,2.118699724696203,2.118699724696203,512.403012229312,548.1014448196646,1.8452848363702135,1.8431779648988529,547.4994478275845,573.3818170714121,2.3458012270028674,2.3458012270028674,573.3818170714121,564.0679957155052,2.1614004515066263,2.1606242357013885,563.8462073500019,652.0345418426126,512.403012229312,hourly_window_mean_factor_top_available_analogs,2,104.5350940150282,-60.97880484210009,-1.9147256879430067e-13,104.5350940150282,-60.97880484210009,-1.9147256879430067e-13,-547.4994478275844,-573.3818170714121,-563.8462073500019,652.0345418426126,2.210541781946289,548.1014448196646,1.8452848363702135,512.403012229312,2.118699724696203,573.3818170714121,2.3458012270028674,564.0679957155052,2.1614004515066263,-60.97880484210009,-0.22710150230666448,-0.008864179402496841
experiment_2026_06_15_17_08_deep_reg_LassoReg,SEN_demand_SIN,2025-09-16,Independence Day,H2,H,observance_tier,True,2025-09-16,19,True,True,6,False,2,6,6,pearson,LassoReg,,2,{},2025-09-15 10:00:00,2025-09-17,5362.031107863641,14.719552908511659,1046.458916,3.374,,14,24,4,4,6,4,0.07063070163037802,31228.773547925834,30113.474808106857,5362.031107863641,14.719552908511659,14.719552908511659,5362.031107863641,6396.073376670206,16.184757904289466,16.184757904289466,6396.073376670206,4758.8397843931425,13.864849994307932,13.864849994307932,4758.8397843931425,7162.048937685312,18.09876313343783,18.09876313343783,7162.048937685312,4312.020707134332,12.362215308396268,12.362215308396268,4312.020707134332,5362.031107863641,14.475680296569477,14.475680296569477,5362.031107863641,6396.073376670206,4758.8397843931425,hourly_window_mean_factor_top_available_analogs,4,-765.9755610151042,446.8190772588103,-2.87208853191451e-13,-765.9755610151042,446.8190772588103,-2.87208853191451e-13,-7162.04893768531,-4312.020707134332,-5362.031107863641,6396.073376670206,16.184757904289466,7162.048937685312,18.09876313343783,4758.8397843931425,13.864849994307932,4312.020707134332,12.362215308396268,5362.031107863641,14.475680296569477,446.81907725881047,1.502634685911664,0.2438726119421819
experiment_2026_06_15_17_08_deep_reg_LassoReg,SEN_demand_SIN,2025-12-24,Christmas Eve,H1,G,observance_tier,True,2025-12-24,19,True,True,2,False,2,6,2,pearson,LassoReg,,2,{},2025-12-23 10:00:00,2025-12-25,796.738454135521,2.5068129717514887,1095.951576,3.175,,14,24,2,4,2,2,0.06993478232474415,32499.387159923197,30787.354852927776,796.738454135521,2.5068129717514887,-1.4750359135023807,-450.8097772916155,856.8744515346376,2.4922701572987465,-1.4415765731588068,-473.27738191534235,761.6591223193697,2.5152962801822545,-1.494553862036132,-437.7036745944415,799.5584587574615,2.327079322272716,-1.369657537818311,-451.3609785868336,786.2321527703945,2.5956638156950342,-1.5236178261889934,-450.48824320274207,791.1418444498403,2.4967116339078643,-1.4668956146840053,-450.8097772916179,-473.27738191534235,-437.7036745944415,hourly_window_mean_factor_top_available_analogs,2,-21.91640332850875,12.78456860830056,2.3934071099287587e-12,-21.91640332850875,12.78456860830056,2.3934071099287587e-12,451.3609785868336,450.48824320274207,450.8097772916179,856.8744515346376,2.4922701572987465,799.5584587574615,2.327079322272716,761.6591223193697,2.5152962801822545,786.2321527703945,2.5956638156950342,791.1418444498403,2.4967116339078643,-24.573030451024806,-0.08036753551277975,0.010101337843624325
experiment_2026_06_15_17_08_deep_reg_LassoReg,SEN_demand_SIN,2025-12-25,Christmas Day,H2,H,observance_tier,True,2025-12-25,19,True,True,2,False,2,6,2,pearson,LassoReg,,2,{},2025-12-24 10:00:00,2025-12-26,1144.0509023487098,4.210343362087784,1095.951576,3.175,,14,24,2,4,2,2,0.10973745739763845,28817.911042085554,26893.747053935585,1144.0509023487098,4.210343362087784,-4.210343362087784,-1144.0509023487098,1418.2877731997764,4.666338689096463,-4.666338689096463,-1418.2877731997764,984.0793943522536,3.9443460879993886,-3.9443460879993886,-984.0793943522536,1571.8820104667636,5.161038863267959,-5.161038863267959,-1571.8820104667636,903.599201717132,3.5515118146260316,-3.518585331198993,-894.4827559465144,1149.8086575722593,4.144495464125689,-4.123699790382297,-1144.0509023487114,-1418.2877731997764,-984.0793943522536,hourly_window_mean_factor_top_available_analogs,2,153.59423726698722,-89.59663840573921,2.1061982567373076e-12,153.59423726698722,-89.59663840573921,2.1061982567373076e-12,1571.8820104667636,894.4827559465144,1144.0509023487118,1418.2877731997764,4.666338689096463,1571.8820104667636,5.161038863267959,984.0793943522536,3.9443460879993886,903.599201717132,3.5515118146260316,1149.8086575722593,4.144495464125689,80.48019263512163,0.39283427337335697,0.06584789796209467
experiment_2026_06_15_17_08_deep_reg_LassoReg,SEN_demand_SIN,2025-12-31,New Year's Eve,H1,G,observance_tier,True,2025-12-31,19,True,True,6,False,2,6,6,pearson,LassoReg,,2,{},2025-12-30 10:00:00,2026-01-01,851.5169344381051,2.871233108099891,1143.006825,3.369,,14,24,4,4,6,4,0.06560469395114278,30851.04774209305,29381.64079914034,851.5169344381051,2.871233108099891,-2.1108794105338693,-636.974452882527,653.5342189200061,2.0306222736852413,-1.9020729398888039,-609.7581557262757,967.0068518236629,3.3615894281751033,-2.2326831850768243,-652.8506262236734,719.8224098865887,2.2498511592267723,-1.977866416161106,-625.5244195090933,760.5262228430917,2.666319961488963,-2.268464529598688,-643.6536390170253,745.530081227538,2.5128840869713143,-2.161402066753263,-636.974452882524,-609.7581557262757,-652.8506262236734,hourly_window_mean_factor_top_available_analogs,4,15.766263782817466,-9.196987206648222,-2.9678248163116605e-12,15.766263782817466,-9.196987206648222,-2.9678248163116605e-12,625.5244195090931,643.6536390170252,636.974452882524,653.5342189200061,2.0306222736852413,719.8224098865887,2.2498511592267723,967.0068518236629,3.3615894281751033,760.5262228430917,2.666319961488963,745.530081227538,2.5128840869713143,206.48062898057128,0.6952694666861401,0.3583490211285767
experiment_2026_06_15_17_08_deep_reg_LassoReg,SEN_demand_SIN,2026-01-01,New Year's Day,H3,H,observance_tier,True,2026-01-01,19,True,True,6,False,2,6,6,pearson,LassoReg,,2,{},2025-12-31 10:00:00,2026-01-02,1258.9700544058444,4.945583162100256,1170.762985,3.461,,14,24,4,4,6,4,0.10896169419314318,27441.238054577305,25977.924178001802,1258.9700544058444,4.945583162100256,-4.930795042318032,-1254.7092332615168,829.7832468127726,2.8331557325512375,-2.7930165502852,-818.2181608495981,1509.329025501803,6.177832496003851,-6.177832496003851,-1509.329025501803,1566.101251652975,5.42393284978826,-5.42393284978826,-1566.101251652975,1073.0638891998299,4.487980490960226,-4.487980490960226,-1073.0638891998299,1254.709233261515,4.83280504421266,-4.83280504421266,-1254.709233261515,-818.2181608495981,-1509.329025501803,hourly_window_mean_factor_top_available_analogs,4,747.8830908033768,-436.2651363019734,-2.297670825531608e-12,747.8830908033768,-436.2651363019734,-2.297670825531608e-12,1566.101251652975,1073.0638891998296,1254.7092332615146,829.7832468127726,2.8331557325512375,1566.101251652975,5.42393284978826,1509.329025501803,6.177832496003851,1073.0638891998299,4.487980490960226,1254.709233261515,4.83280504421266,436.26513630197314,1.6898520050436252,0.11277811788759617
