unique_id,day,holiday,mape
SEN_demand_CEL,2026-03-31,False,0.09013377401717654
SEN_demand_CEL,2026-04-01,False,0.7078298711842929
SEN_demand_CEL,2026-04-02,True,0.6294109712101991
SEN_demand_CEL,2026-04-03,True,1.1068379110635251
SEN_demand_CEL,2026-04-04,True,1.6925685882192874
SEN_demand_CEL,2026-04-05,True,1.0042768780283333
SEN_demand_CEL,2026-04-06,False,1.3369228461226859
SEN_demand_CEL,2026-04-07,False,0.6952604912618783
SEN_demand_CEL,2026-04-08,False,0.8172716496843266
SEN_demand_CEL,2026-04-09,False,0.7400416099829359
SEN_demand_CEL,2026-04-10,False,0.6932079203973912
SEN_demand_CEL,2026-04-11,False,0.5736242798547947
SEN_demand_CEL,2026-04-12,False,1.2018793051230834
SEN_demand_CEL,2026-04-13,False,1.3736233930540915
SEN_demand_CEL,2026-04-14,False,1.9992976702580174
SEN_demand_CEL,2026-04-15,False,2.2545882812568667
SEN_demand_CEL,2026-04-16,False,2.4240854011117077
SEN_demand_CEL,2026-04-17,False,2.621219640409787
SEN_demand_CEL,2026-04-18,False,3.3977893044121235
SEN_demand_CEL,2026-04-19,False,3.4362477084508214
SEN_demand_CEL,2026-04-20,False,3.9196636336846926
SEN_demand_CEL,2026-04-21,False,1.8456894049608639
SEN_demand_CEL,2026-04-22,False,1.5043075001691635
SEN_demand_CEL,2026-04-23,False,1.184591551021421
SEN_demand_CEL,2026-04-24,False,1.994742349302701
SEN_demand_CEL,2026-04-25,False,2.40573925114802
SEN_demand_CEL,2026-04-26,False,2.8873246926686775
SEN_demand_CEL,2026-04-27,False,2.687049543001568
SEN_demand_CEL,2026-04-28,False,2.7544340894960424
SEN_demand_CEL,2026-04-29,False,1.9095528078904394
SEN_demand_CEL,2026-04-30,False,1.987623048740985
SEN_demand_CEL,2026-05-01,True,4.106870227487507
SEN_demand_CEL,2026-05-02,False,2.402955288660576
SEN_demand_CEL,2026-05-03,False,1.5105218496026156
SEN_demand_CEL,2026-05-04,False,1.809571744434821
SEN_demand_CEL,2026-05-05,False,4.1508652551771865
SEN_demand_CEL,2026-05-06,False,3.100335377367882
SEN_demand_CEL,2026-05-07,False,1.4975192612705743
SEN_demand_CEL,2026-05-08,False,1.2205129041680722
SEN_demand_CEL,2026-05-09,False,1.4818987474115273
SEN_demand_CEL,2026-05-10,False,1.4387962163748629
SEN_demand_CEL,2026-05-11,False,1.862558864479932
SEN_demand_CEL,2026-05-12,False,1.9645841902972059
SEN_demand_CEL,2026-05-13,False,1.4922009867079926
SEN_demand_CEL,2026-05-14,False,2.3234781924808443
SEN_demand_CEL,2026-05-15,False,3.015598747579322
SEN_demand_CEL,2026-05-16,False,3.813905961650622
SEN_demand_CEL,2026-05-17,False,3.7256070755253146
SEN_demand_CEL,2026-05-18,False,1.524714742747067
SEN_demand_CEL,2026-05-19,False,2.925406482558223
SEN_demand_CEL,2026-05-20,False,1.1858560160955642
SEN_demand_CEL,2026-05-21,False,1.3547390111508966
SEN_demand_CEL,2026-05-22,False,1.4518245198897528
SEN_demand_CEL,2026-05-23,False,2.268091360149602
SEN_demand_CEL,2026-05-24,False,1.099360324907841
SEN_demand_CEL,2026-05-25,False,1.536563806398015
SEN_demand_CEL,2026-05-26,False,1.1407336985897678
SEN_demand_CEL,2026-05-27,False,1.4220252716198298
SEN_demand_CEL,2026-05-28,False,1.2920734415028334
SEN_demand_CEL,2026-05-29,False,1.0743674598551316
SEN_demand_CEL,2026-05-30,False,2.3583547961007327
SEN_demand_CEL,2026-05-31,False,4.975105162424232
SEN_demand_CEL,2026-06-01,False,1.5959960984176607
SEN_demand_CEL,2026-06-02,False,1.103143765451333
SEN_demand_CEL,2026-06-03,False,1.998271455709384
SEN_demand_CEL,2026-06-04,False,1.2394155767452772
SEN_demand_CEL,2026-06-05,False,2.285444998330187
SEN_demand_CEL,2026-06-06,False,1.170353017988486
SEN_demand_CEL,2026-06-07,False,1.8650365333366714
SEN_demand_CEL,2026-06-08,False,1.1287116312558636
SEN_demand_CEL,2026-06-09,False,1.6946860696170702
SEN_demand_CEL,2026-06-10,False,1.518297072972794
SEN_demand_CEL,2026-06-11,False,1.457473039956415
SEN_demand_CEL,2026-06-12,False,1.596625048629405
SEN_demand_CEL,2026-06-13,False,2.1571120577640244
SEN_demand_CEL,2026-06-14,False,2.153221938131873
SEN_demand_CEL,2026-06-15,False,0.895540914069614
SEN_demand_CEL,2026-06-16,False,2.0729852733795724
SEN_demand_CEL,2026-06-17,False,1.4997919792650154
SEN_demand_CEL,2026-06-18,False,2.517029562699313
SEN_demand_CEL,2026-06-19,False,3.13308059813982
SEN_demand_CEL,2026-06-20,False,2.0718522604199974
SEN_demand_CEL,2026-06-21,False,1.671629243099261
SEN_demand_CEL,2026-06-22,False,1.3039246838107097
SEN_demand_CEL,2026-06-23,False,1.6090816689198775
SEN_demand_CEL,2026-06-24,False,1.9096243054488067
SEN_demand_CEL,2026-06-25,False,1.6068571421275453
SEN_demand_CEL,2026-06-26,False,1.3251228958165449
SEN_demand_CEL,2026-06-27,False,1.4939614967556434
SEN_demand_CEL,2026-06-28,False,1.2912331297365327
SEN_demand_CEL,2026-06-29,False,1.8194925094827583
SEN_demand_CEL,2026-06-30,False,4.197624174400908
SEN_demand_CEL,2026-07-01,False,4.447954621932151
SEN_demand_CEL,2026-07-02,False,2.4106246926449844
SEN_demand_CEL,2026-07-03,False,1.9849324663724843
SEN_demand_CEL,2026-07-04,False,1.9849951426910337
SEN_demand_CEL,2026-07-05,False,2.850094688235081
SEN_demand_CEL,2026-07-06,False,2.4835440036389027
SEN_demand_CEL,2026-07-07,False,1.1250508767647847
SEN_demand_CEL,2026-07-08,False,1.1899970220943301
SEN_demand_CEL,2026-07-09,False,1.520656774399601
SEN_demand_CEL,2026-07-10,False,1.6000578520431883
SEN_demand_CEL,2026-07-11,False,1.747963599292729
SEN_demand_CEL,2026-07-12,False,1.4863682016568973
SEN_demand_CEL,2026-07-13,False,1.4710094262490203
SEN_demand_CEL,2026-07-14,False,1.4886891961088689
SEN_demand_CEL,2026-07-15,False,2.533373231277691
SEN_demand_CEL,2026-07-16,False,1.9678904518623568
SEN_demand_CEL,2026-07-17,False,1.3072425273540431
SEN_demand_CEL,2026-07-18,False,1.3399391098604307
SEN_demand_CEL,2026-07-19,False,1.3683026316481461
SEN_demand_CEL,2026-07-20,False,1.9661324766379065
SEN_demand_CEL,2026-07-21,False,1.4157054038978878
SEN_demand_CEL,2026-07-22,False,2.4549019323112335
SEN_demand_CEL,2026-07-23,False,2.0361126056719665
SEN_demand_CEL,2026-07-24,False,1.8418148922356719
SEN_demand_CEL,2026-07-25,False,2.5804267317535867
SEN_demand_CEL,2026-07-26,False,1.8731274716332607
SEN_demand_CEL,2026-07-27,False,1.0150088049885342
SEN_demand_CEL,2026-07-28,False,1.206611055797583
SEN_demand_CEL,2026-07-29,False,1.1963342067598337
SEN_demand_CEL,2026-07-30,False,1.3769389871415045
SEN_demand_CEL,2026-07-31,False,1.3712900756419422
SEN_demand_CEL,2026-08-01,False,1.3465718731239786
SEN_demand_CEL,2026-08-02,False,1.1776185187279493
SEN_demand_CEL,2026-08-03,False,2.397994936251066
SEN_demand_CEL,2026-08-04,False,1.5025425086773356
SEN_demand_CEL,2026-08-05,False,1.51781537086081
SEN_demand_CEL,2026-08-06,False,1.1974941615927273
SEN_demand_CEL,2026-08-07,False,1.5529559569667548
SEN_demand_CEL,2026-08-08,False,1.6489106742455029
SEN_demand_CEL,2026-08-09,False,3.0809283851781815
SEN_demand_CEL,2026-08-10,False,2.08477626089871
SEN_demand_CEL,2026-08-11,False,1.0678082056314608
SEN_demand_CEL,2026-08-12,False,1.2762550421360175
SEN_demand_CEL,2026-08-13,False,1.7607438584434847
SEN_demand_CEL,2026-08-14,False,2.3925291123813457
SEN_demand_CEL,2026-08-15,False,2.0719223832987588
SEN_demand_CEL,2026-08-16,False,1.7697294759240658
SEN_demand_CEL,2026-08-17,False,1.218550250692151
SEN_demand_CEL,2026-08-18,False,1.6743150179855033
SEN_demand_CEL,2026-08-19,False,1.6120834850622223
SEN_demand_CEL,2026-08-20,False,2.179503506041176
SEN_demand_CEL,2026-08-21,False,1.7659206272788803
SEN_demand_CEL,2026-08-22,False,1.4189625164657922
SEN_demand_CEL,2026-08-23,False,3.1912245183998453
SEN_demand_CEL,2026-08-24,False,1.6373686313087814
SEN_demand_CEL,2026-08-25,False,1.4341835587741107
SEN_demand_CEL,2026-08-26,False,1.149228146894407
SEN_demand_CEL,2026-08-27,False,1.3015227113566155
SEN_demand_CEL,2026-08-28,False,2.0300161029630357
SEN_demand_CEL,2026-08-29,False,1.030982961875727
SEN_demand_CEL,2026-08-30,False,2.5210633580095716
SEN_demand_CEL,2026-08-31,False,2.171167771920235
SEN_demand_CEL,2026-09-01,False,2.56139121665596
SEN_demand_CEL,2026-09-02,False,3.169272644914736
SEN_demand_CEL,2026-09-03,False,1.2620448975703087
SEN_demand_CEL,2026-09-04,False,2.173128132166722
SEN_demand_CEL,2026-09-05,False,2.8659713014133015
SEN_demand_CEL,2026-09-06,False,3.098458887710424
SEN_demand_NES,2026-03-31,False,0.2729105996045605
SEN_demand_NES,2026-04-01,False,1.746075239652736
SEN_demand_NES,2026-04-02,True,4.848294007013971
SEN_demand_NES,2026-04-03,True,2.983824568437056
SEN_demand_NES,2026-04-04,True,3.4211447689212413
SEN_demand_NES,2026-04-05,True,4.457045588935653
SEN_demand_NES,2026-04-06,False,5.680599213912455
SEN_demand_NES,2026-04-07,False,2.2224883016529695
SEN_demand_NES,2026-04-08,False,2.5471764345510723
SEN_demand_NES,2026-04-09,False,2.7441918466212742
SEN_demand_NES,2026-04-10,False,2.229542727804479
SEN_demand_NES,2026-04-11,False,4.641503433850025
SEN_demand_NES,2026-04-12,False,6.8575008962290225
SEN_demand_NES,2026-04-13,False,2.4454176462607324
SEN_demand_NES,2026-04-14,False,4.096706755346535
SEN_demand_NES,2026-04-15,False,1.9056642243232784
SEN_demand_NES,2026-04-16,False,2.323345703098527
SEN_demand_NES,2026-04-17,False,1.7990468840066252
SEN_demand_NES,2026-04-18,False,2.0539440910879043
SEN_demand_NES,2026-04-19,False,2.5132652516534213
SEN_demand_NES,2026-04-20,False,0.953871027129816
SEN_demand_NES,2026-04-21,False,3.203723702150676
SEN_demand_NES,2026-04-22,False,3.1802082410455923
SEN_demand_NES,2026-04-23,False,1.3005816306134779
SEN_demand_NES,2026-04-24,False,1.344474538065527
SEN_demand_NES,2026-04-25,False,3.425243748560489
SEN_demand_NES,2026-04-26,False,2.507602375774833
SEN_demand_NES,2026-04-27,False,2.2837231258054773
SEN_demand_NES,2026-04-28,False,1.2581834390529933
SEN_demand_NES,2026-04-29,False,1.1883791626307356
SEN_demand_NES,2026-04-30,False,4.650690899539231
SEN_demand_NES,2026-05-01,True,13.282279153192988
SEN_demand_NES,2026-05-02,False,13.124927810266222
SEN_demand_NES,2026-05-03,False,2.480535489682728
SEN_demand_NES,2026-05-04,False,9.437387658036682
SEN_demand_NES,2026-05-05,False,6.870778720334425
SEN_demand_NES,2026-05-06,False,4.291550906532451
SEN_demand_NES,2026-05-07,False,7.583642591189882
SEN_demand_NES,2026-05-08,False,7.215142983228675
SEN_demand_NES,2026-05-09,False,2.725924266154622
SEN_demand_NES,2026-05-10,False,2.5589236976696186
SEN_demand_NES,2026-05-11,False,4.144855263773739
SEN_demand_NES,2026-05-12,False,1.8127618168560444
SEN_demand_NES,2026-05-13,False,1.7364414179553158
SEN_demand_NES,2026-05-14,False,1.651472663174418
SEN_demand_NES,2026-05-15,False,1.9117846265158005
SEN_demand_NES,2026-05-16,False,4.641946216570958
SEN_demand_NES,2026-05-17,False,2.9573994152661247
SEN_demand_NES,2026-05-18,False,1.5633780701878184
SEN_demand_NES,2026-05-19,False,2.4270322012442214
SEN_demand_NES,2026-05-20,False,6.493906531211769
SEN_demand_NES,2026-05-21,False,4.464778696242402
SEN_demand_NES,2026-05-22,False,3.3431293065416035
SEN_demand_NES,2026-05-23,False,1.8104245965225887
SEN_demand_NES,2026-05-24,False,2.466519900787591
SEN_demand_NES,2026-05-25,False,2.4219094799537193
SEN_demand_NES,2026-05-26,False,1.8954417579469056
SEN_demand_NES,2026-05-27,False,4.590914449703522
SEN_demand_NES,2026-05-28,False,3.695259109882079
SEN_demand_NES,2026-05-29,False,1.2484075832482944
SEN_demand_NES,2026-05-30,False,0.7519506622287284
SEN_demand_NES,2026-05-31,False,1.5588162207825642
SEN_demand_NES,2026-06-01,False,1.7661475036395122
SEN_demand_NES,2026-06-02,False,1.313984561930136
SEN_demand_NES,2026-06-03,False,1.7840179451215372
SEN_demand_NES,2026-06-04,False,3.3307079238028647
SEN_demand_NES,2026-06-05,False,5.989022630504964
SEN_demand_NES,2026-06-06,False,1.602476063882389
SEN_demand_NES,2026-06-07,False,2.5690194726498565
SEN_demand_NES,2026-06-08,False,4.80145114047843
SEN_demand_NES,2026-06-09,False,3.718802085180011
SEN_demand_NES,2026-06-10,False,1.950063112814499
SEN_demand_NES,2026-06-11,False,1.280105131477495
SEN_demand_NES,2026-06-12,False,1.0314906324622009
SEN_demand_NES,2026-06-13,False,1.9286587175860423
SEN_demand_NES,2026-06-14,False,1.7963469310125515
SEN_demand_NES,2026-06-15,False,2.9658009390093953
SEN_demand_NES,2026-06-16,False,3.575369375310658
SEN_demand_NES,2026-06-17,False,3.727956472718431
SEN_demand_NES,2026-06-18,False,3.7621417245670004
SEN_demand_NES,2026-06-19,False,6.25049861070615
SEN_demand_NES,2026-06-20,False,13.93691258629255
SEN_demand_NES,2026-06-21,False,1.894164462045046
SEN_demand_NES,2026-06-22,False,3.0003749182945194
SEN_demand_NES,2026-06-23,False,2.0708347277187396
SEN_demand_NES,2026-06-24,False,1.381076955894806
SEN_demand_NES,2026-06-25,False,4.162617702676546
SEN_demand_NES,2026-06-26,False,1.5779072560145089
SEN_demand_NES,2026-06-27,False,3.1889848269241816
SEN_demand_NES,2026-06-28,False,2.2145216548983977
SEN_demand_NES,2026-06-29,False,3.636251964943641
SEN_demand_NES,2026-06-30,False,1.017249796777976
SEN_demand_NES,2026-07-01,False,2.1147582073705293
SEN_demand_NES,2026-07-02,False,1.1686662843795868
SEN_demand_NES,2026-07-03,False,1.3128426892656768
SEN_demand_NES,2026-07-04,False,1.1756329231972216
SEN_demand_NES,2026-07-05,False,1.4951412389729772
SEN_demand_NES,2026-07-06,False,1.7727168316839852
SEN_demand_NES,2026-07-07,False,3.820444546511311
SEN_demand_NES,2026-07-08,False,3.1612267717999716
SEN_demand_NES,2026-07-09,False,4.927719298328476
SEN_demand_NES,2026-07-10,False,6.111426469757053
SEN_demand_NES,2026-07-11,False,1.886496179620921
SEN_demand_NES,2026-07-12,False,0.8353918051372666
SEN_demand_NES,2026-07-13,False,2.416309978697132
SEN_demand_NES,2026-07-14,False,3.445890431237207
SEN_demand_NES,2026-07-15,False,1.7817488303155844
SEN_demand_NES,2026-07-16,False,0.8232639817773992
SEN_demand_NES,2026-07-17,False,1.440576432167076
SEN_demand_NES,2026-07-18,False,1.056479434952016
SEN_demand_NES,2026-07-19,False,0.6125420235532717
SEN_demand_NES,2026-07-20,False,1.5933580005956196
SEN_demand_NES,2026-07-21,False,1.155022656608183
SEN_demand_NES,2026-07-22,False,1.2572681135386767
SEN_demand_NES,2026-07-23,False,1.6232359069588846
SEN_demand_NES,2026-07-24,False,5.269202436478593
SEN_demand_NES,2026-07-25,False,2.6891996454208384
SEN_demand_NES,2026-07-26,False,1.421241137502959
SEN_demand_NES,2026-07-27,False,1.1450533211903284
SEN_demand_NES,2026-07-28,False,0.9938000934275082
SEN_demand_NES,2026-07-29,False,1.149793224923257
SEN_demand_NES,2026-07-30,False,3.192384053420388
SEN_demand_NES,2026-07-31,False,1.4347162047719935
SEN_demand_NES,2026-08-01,False,0.8428069285815418
SEN_demand_NES,2026-08-02,False,5.166397234093047
SEN_demand_NES,2026-08-03,False,4.756334286363622
SEN_demand_NES,2026-08-04,False,4.236941198524858
SEN_demand_NES,2026-08-05,False,6.66421770597074
SEN_demand_NES,2026-08-06,False,0.9904310665331582
SEN_demand_NES,2026-08-07,False,0.8063977397478901
SEN_demand_NES,2026-08-08,False,2.9797047190178034
SEN_demand_NES,2026-08-09,False,4.331474934812843
SEN_demand_NES,2026-08-10,False,1.4725169424753564
SEN_demand_NES,2026-08-11,False,1.2935744991501028
SEN_demand_NES,2026-08-12,False,1.1938150235009477
SEN_demand_NES,2026-08-13,False,1.0732102822607303
SEN_demand_NES,2026-08-14,False,1.705222069974424
SEN_demand_NES,2026-08-15,False,2.5566624675366993
SEN_demand_NES,2026-08-16,False,2.1574190728346165
SEN_demand_NES,2026-08-17,False,0.8136303504519979
SEN_demand_NES,2026-08-18,False,1.2450966033765858
SEN_demand_NES,2026-08-19,False,0.6996661123087979
SEN_demand_NES,2026-08-20,False,1.2364793134011296
SEN_demand_NES,2026-08-21,False,1.6523545415313343
SEN_demand_NES,2026-08-22,False,2.9842878578666565
SEN_demand_NES,2026-08-23,False,1.2420355515935617
SEN_demand_NES,2026-08-24,False,0.5237608703004043
SEN_demand_NES,2026-08-25,False,1.7543548759687462
SEN_demand_NES,2026-08-26,False,3.2965817526916066
SEN_demand_NES,2026-08-27,False,1.6653601366094215
SEN_demand_NES,2026-08-28,False,1.4070900450216532
SEN_demand_NES,2026-08-29,False,1.3901866251108979
SEN_demand_NES,2026-08-30,False,2.1030652316822214
SEN_demand_NES,2026-08-31,False,1.4754495804451386
SEN_demand_NES,2026-09-01,False,1.5317104731282192
SEN_demand_NES,2026-09-02,False,3.2343125371493606
SEN_demand_NES,2026-09-03,False,3.4086350103232417
SEN_demand_NES,2026-09-04,False,0.9125277719757395
SEN_demand_NES,2026-09-05,False,3.827495206845048
SEN_demand_NES,2026-09-06,False,3.573820600841531
SEN_demand_NOR,2026-03-31,False,0.1606365621119673
SEN_demand_NOR,2026-04-01,False,1.1251033833837984
SEN_demand_NOR,2026-04-02,True,1.6244328356873343
SEN_demand_NOR,2026-04-03,True,1.2216132015772236
SEN_demand_NOR,2026-04-04,True,2.891108102242874
SEN_demand_NOR,2026-04-05,True,2.1876055268485173
SEN_demand_NOR,2026-04-06,False,2.21942601494004
SEN_demand_NOR,2026-04-07,False,2.4179034104856
SEN_demand_NOR,2026-04-08,False,1.4962256190528664
SEN_demand_NOR,2026-04-09,False,1.511462425704531
SEN_demand_NOR,2026-04-10,False,2.004768087408059
SEN_demand_NOR,2026-04-11,False,1.3644535457041937
SEN_demand_NOR,2026-04-12,False,1.4872964372609014
SEN_demand_NOR,2026-04-13,False,4.344726480854816
SEN_demand_NOR,2026-04-14,False,3.246966596421742
SEN_demand_NOR,2026-04-15,False,7.608490964392482
SEN_demand_NOR,2026-04-16,False,4.336501439351315
SEN_demand_NOR,2026-04-17,False,2.681496438826429
SEN_demand_NOR,2026-04-18,False,3.884229597184844
SEN_demand_NOR,2026-04-19,False,2.7909572617367537
SEN_demand_NOR,2026-04-20,False,1.3956364636119662
SEN_demand_NOR,2026-04-21,False,1.39106439348076
SEN_demand_NOR,2026-04-22,False,3.2781328688728384
SEN_demand_NOR,2026-04-23,False,4.287821799044607
SEN_demand_NOR,2026-04-24,False,1.0770874355994777
SEN_demand_NOR,2026-04-25,False,4.287838206814728
SEN_demand_NOR,2026-04-26,False,1.1222128285560045
SEN_demand_NOR,2026-04-27,False,1.5938466545801155
SEN_demand_NOR,2026-04-28,False,1.6166108146324571
SEN_demand_NOR,2026-04-29,False,3.1338407353837465
SEN_demand_NOR,2026-04-30,False,2.7495936461087584
SEN_demand_NOR,2026-05-01,True,6.177680466959417
SEN_demand_NOR,2026-05-02,False,4.394188709501142
SEN_demand_NOR,2026-05-03,False,2.943986142417773
SEN_demand_NOR,2026-05-04,False,1.9498472765937056
SEN_demand_NOR,2026-05-05,False,6.3166419417250745
SEN_demand_NOR,2026-05-06,False,6.283885584754451
SEN_demand_NOR,2026-05-07,False,3.1429638987717174
SEN_demand_NOR,2026-05-08,False,2.6703641418191646
SEN_demand_NOR,2026-05-09,False,5.293720682880095
SEN_demand_NOR,2026-05-10,False,3.5173089933514765
SEN_demand_NOR,2026-05-11,False,1.1926309855297657
SEN_demand_NOR,2026-05-12,False,5.393236537833071
SEN_demand_NOR,2026-05-13,False,3.1841271788753143
SEN_demand_NOR,2026-05-14,False,1.3189916454322033
SEN_demand_NOR,2026-05-15,False,2.64633748199931
SEN_demand_NOR,2026-05-16,False,3.047245837678696
SEN_demand_NOR,2026-05-17,False,3.1323495474846226
SEN_demand_NOR,2026-05-18,False,4.455185271973874
SEN_demand_NOR,2026-05-19,False,8.887839184143953
SEN_demand_NOR,2026-05-20,False,2.5487665928605674
SEN_demand_NOR,2026-05-21,False,3.194858924508015
SEN_demand_NOR,2026-05-22,False,2.58697978525019
SEN_demand_NOR,2026-05-23,False,1.1756038790389212
SEN_demand_NOR,2026-05-24,False,5.168867457850624
SEN_demand_NOR,2026-05-25,False,1.6510968538889492
SEN_demand_NOR,2026-05-26,False,6.043862929883662
SEN_demand_NOR,2026-05-27,False,5.458862723703885
SEN_demand_NOR,2026-05-28,False,2.585059687069078
SEN_demand_NOR,2026-05-29,False,1.9875590470294147
SEN_demand_NOR,2026-05-30,False,1.8536726212352628
SEN_demand_NOR,2026-05-31,False,2.1507850030315523
SEN_demand_NOR,2026-06-01,False,1.4826491860000812
SEN_demand_NOR,2026-06-02,False,3.90187718218905
SEN_demand_NOR,2026-06-03,False,1.7250809768808228
SEN_demand_NOR,2026-06-04,False,1.5212022979364892
SEN_demand_NOR,2026-06-05,False,1.5454759155132656
SEN_demand_NOR,2026-06-06,False,2.695824444436037
SEN_demand_NOR,2026-06-07,False,5.182458229022389
SEN_demand_NOR,2026-06-08,False,2.904055278495685
SEN_demand_NOR,2026-06-09,False,1.4060310984739577
SEN_demand_NOR,2026-06-10,False,2.814786005346341
SEN_demand_NOR,2026-06-11,False,2.595574765937815
SEN_demand_NOR,2026-06-12,False,1.5992953708731785
SEN_demand_NOR,2026-06-13,False,3.5114823340531167
SEN_demand_NOR,2026-06-14,False,0.8914936103107118
SEN_demand_NOR,2026-06-15,False,6.610695420154908
SEN_demand_NOR,2026-06-16,False,0.9723835679095341
SEN_demand_NOR,2026-06-17,False,2.2659832778316957
SEN_demand_NOR,2026-06-18,False,3.2495878354165777
SEN_demand_NOR,2026-06-19,False,1.4023404771667956
SEN_demand_NOR,2026-06-20,False,1.324298571326675
SEN_demand_NOR,2026-06-21,False,3.7571325409528336
SEN_demand_NOR,2026-06-22,False,1.3042437294345155
SEN_demand_NOR,2026-06-23,False,2.5991587703239585
SEN_demand_NOR,2026-06-24,False,4.053437478377557
SEN_demand_NOR,2026-06-25,False,1.102830257176266
SEN_demand_NOR,2026-06-26,False,2.5239041857582
SEN_demand_NOR,2026-06-27,False,4.671679696537584
SEN_demand_NOR,2026-06-28,False,1.3074932029347728
SEN_demand_NOR,2026-06-29,False,1.1717525639198743
SEN_demand_NOR,2026-06-30,False,2.793731525894044
SEN_demand_NOR,2026-07-01,False,5.871361670612862
SEN_demand_NOR,2026-07-02,False,4.56244185997781
SEN_demand_NOR,2026-07-03,False,0.9427616814966325
SEN_demand_NOR,2026-07-04,False,3.327520521919325
SEN_demand_NOR,2026-07-05,False,4.087094462290821
SEN_demand_NOR,2026-07-06,False,2.7324851430554635
SEN_demand_NOR,2026-07-07,False,1.6760920608150127
SEN_demand_NOR,2026-07-08,False,4.042680459042054
SEN_demand_NOR,2026-07-09,False,3.2220903991403116
SEN_demand_NOR,2026-07-10,False,5.348270199194735
SEN_demand_NOR,2026-07-11,False,3.9048503387306086
SEN_demand_NOR,2026-07-12,False,2.0753745196925064
SEN_demand_NOR,2026-07-13,False,2.288896857917242
SEN_demand_NOR,2026-07-14,False,2.6023821283112536
SEN_demand_NOR,2026-07-15,False,2.278455831364367
SEN_demand_NOR,2026-07-16,False,2.500597151441918
SEN_demand_NOR,2026-07-17,False,3.740966973782748
SEN_demand_NOR,2026-07-18,False,2.5892137431540037
SEN_demand_NOR,2026-07-19,False,4.296725101664844
SEN_demand_NOR,2026-07-20,False,7.705335450897838
SEN_demand_NOR,2026-07-21,False,2.212268302088129
SEN_demand_NOR,2026-07-22,False,4.367166717876268
SEN_demand_NOR,2026-07-23,False,1.896789671634072
SEN_demand_NOR,2026-07-24,False,0.6848325347772356
SEN_demand_NOR,2026-07-25,False,10.406251988164726
SEN_demand_NOR,2026-07-26,False,3.9140046360990373
SEN_demand_NOR,2026-07-27,False,3.702500596709685
SEN_demand_NOR,2026-07-28,False,11.506796807727254
SEN_demand_NOR,2026-07-29,False,2.918415507257055
SEN_demand_NOR,2026-07-30,False,3.984587222218614
SEN_demand_NOR,2026-07-31,False,1.7829980458300074
SEN_demand_NOR,2026-08-01,False,0.7613258227828175
SEN_demand_NOR,2026-08-02,False,2.9675462948592677
SEN_demand_NOR,2026-08-03,False,4.009641341290992
SEN_demand_NOR,2026-08-04,False,8.083596167703876
SEN_demand_NOR,2026-08-05,False,1.9708087515222819
SEN_demand_NOR,2026-08-06,False,1.0699942666679307
SEN_demand_NOR,2026-08-07,False,3.3276303683166475
SEN_demand_NOR,2026-08-08,False,7.692284175321962
SEN_demand_NOR,2026-08-09,False,12.972433083259693
SEN_demand_NOR,2026-08-10,False,3.080256050532946
SEN_demand_NOR,2026-08-11,False,3.2456006860613194
SEN_demand_NOR,2026-08-12,False,3.874471792837912
SEN_demand_NOR,2026-08-13,False,2.5662424376534805
SEN_demand_NOR,2026-08-14,False,3.3195967996748044
SEN_demand_NOR,2026-08-15,False,2.444488951623305
SEN_demand_NOR,2026-08-16,False,4.245897794853022
SEN_demand_NOR,2026-08-17,False,4.753086640429194
SEN_demand_NOR,2026-08-18,False,13.116964678989234
SEN_demand_NOR,2026-08-19,False,3.902973066656453
SEN_demand_NOR,2026-08-20,False,1.3406960764668727
SEN_demand_NOR,2026-08-21,False,3.2076382598617568
SEN_demand_NOR,2026-08-22,False,1.1723334576270754
SEN_demand_NOR,2026-08-23,False,10.280773932318981
SEN_demand_NOR,2026-08-24,False,2.9329391540537357
SEN_demand_NOR,2026-08-25,False,3.734472231184618
SEN_demand_NOR,2026-08-26,False,1.563810920801393
SEN_demand_NOR,2026-08-27,False,2.7791899915546296
SEN_demand_NOR,2026-08-28,False,0.7648841184910029
SEN_demand_NOR,2026-08-29,False,2.927519232912433
SEN_demand_NOR,2026-08-30,False,7.672578802189219
SEN_demand_NOR,2026-08-31,False,9.300916897906935
SEN_demand_NOR,2026-09-01,False,7.051683449428911
SEN_demand_NOR,2026-09-02,False,1.7951060638360883
SEN_demand_NOR,2026-09-03,False,2.8584985027483945
SEN_demand_NOR,2026-09-04,False,1.704870826620141
SEN_demand_NOR,2026-09-05,False,2.4994108384235676
SEN_demand_NOR,2026-09-06,False,2.450411807698251
SEN_demand_NTE,2026-03-31,False,0.38473068160575247
SEN_demand_NTE,2026-04-01,False,0.9245002701283374
SEN_demand_NTE,2026-04-02,True,0.704808844763499
SEN_demand_NTE,2026-04-03,True,0.5800608366897497
SEN_demand_NTE,2026-04-04,True,0.9514215827322108
SEN_demand_NTE,2026-04-05,True,0.22810032645652106
SEN_demand_NTE,2026-04-06,False,0.6208240312009159
SEN_demand_NTE,2026-04-07,False,0.742338035590458
SEN_demand_NTE,2026-04-08,False,0.7488952398448604
SEN_demand_NTE,2026-04-09,False,1.085903386563213
SEN_demand_NTE,2026-04-10,False,0.633786958579744
SEN_demand_NTE,2026-04-11,False,0.2669394364546578
SEN_demand_NTE,2026-04-12,False,0.4370408644830571
SEN_demand_NTE,2026-04-13,False,2.023799551188918
SEN_demand_NTE,2026-04-14,False,1.3884456149806121
SEN_demand_NTE,2026-04-15,False,4.066100015348891
SEN_demand_NTE,2026-04-16,False,1.3607245867384175
SEN_demand_NTE,2026-04-17,False,1.3106112973338182
SEN_demand_NTE,2026-04-18,False,2.5028370078082607
SEN_demand_NTE,2026-04-19,False,2.0869707019265076
SEN_demand_NTE,2026-04-20,False,1.8712160657917163
SEN_demand_NTE,2026-04-21,False,3.2390356275529655
SEN_demand_NTE,2026-04-22,False,2.9142679129259106
SEN_demand_NTE,2026-04-23,False,1.1096516869507869
SEN_demand_NTE,2026-04-24,False,0.5763842003478081
SEN_demand_NTE,2026-04-25,False,1.7021227253357005
SEN_demand_NTE,2026-04-26,False,3.568405102183953
SEN_demand_NTE,2026-04-27,False,1.3373435470131727
SEN_demand_NTE,2026-04-28,False,2.789143187591119
SEN_demand_NTE,2026-04-29,False,1.1224647397945384
SEN_demand_NTE,2026-04-30,False,2.5359540954122948
SEN_demand_NTE,2026-05-01,True,6.0707866552383605
SEN_demand_NTE,2026-05-02,False,2.0173557093728927
SEN_demand_NTE,2026-05-03,False,3.404350550154672
SEN_demand_NTE,2026-05-04,False,3.2912714051844127
SEN_demand_NTE,2026-05-05,False,1.8014537085897082
SEN_demand_NTE,2026-05-06,False,2.2764733016836067
SEN_demand_NTE,2026-05-07,False,1.521025816309265
SEN_demand_NTE,2026-05-08,False,1.2983685139672638
SEN_demand_NTE,2026-05-09,False,2.0309439049373745
SEN_demand_NTE,2026-05-10,False,1.7075557485702244
SEN_demand_NTE,2026-05-11,False,1.7659906667695662
SEN_demand_NTE,2026-05-12,False,2.909960327101144
SEN_demand_NTE,2026-05-13,False,3.1766638099727853
SEN_demand_NTE,2026-05-14,False,1.0414163824249352
SEN_demand_NTE,2026-05-15,False,2.0318158130562893
SEN_demand_NTE,2026-05-16,False,2.193064996843041
SEN_demand_NTE,2026-05-17,False,1.77694778394758
SEN_demand_NTE,2026-05-18,False,1.3589566152844783
SEN_demand_NTE,2026-05-19,False,0.9589089194623517
SEN_demand_NTE,2026-05-20,False,4.039112003650994
SEN_demand_NTE,2026-05-21,False,8.138058100882157
SEN_demand_NTE,2026-05-22,False,1.349879209617118
SEN_demand_NTE,2026-05-23,False,3.9647468965073984
SEN_demand_NTE,2026-05-24,False,1.7282399358746339
SEN_demand_NTE,2026-05-25,False,2.2825435207117595
SEN_demand_NTE,2026-05-26,False,3.4183536555259937
SEN_demand_NTE,2026-05-27,False,2.521334473384987
SEN_demand_NTE,2026-05-28,False,4.819694763038535
SEN_demand_NTE,2026-05-29,False,4.101401218831041
SEN_demand_NTE,2026-05-30,False,1.575490016023234
SEN_demand_NTE,2026-05-31,False,2.960291434040829
SEN_demand_NTE,2026-06-01,False,2.1620359099112907
SEN_demand_NTE,2026-06-02,False,5.013805881612746
SEN_demand_NTE,2026-06-03,False,2.1545832270304115
SEN_demand_NTE,2026-06-04,False,10.004013600780775
SEN_demand_NTE,2026-06-05,False,7.165790898034204
SEN_demand_NTE,2026-06-06,False,1.6863578284434082
SEN_demand_NTE,2026-06-07,False,5.640655165689614
SEN_demand_NTE,2026-06-08,False,7.272464818866657
SEN_demand_NTE,2026-06-09,False,6.139305686092716
SEN_demand_NTE,2026-06-10,False,2.648096336685078
SEN_demand_NTE,2026-06-11,False,0.8515265789636045
SEN_demand_NTE,2026-06-12,False,0.8063386363936722
SEN_demand_NTE,2026-06-13,False,0.6649763966162683
SEN_demand_NTE,2026-06-14,False,3.4920978036002968
SEN_demand_NTE,2026-06-15,False,10.031343208171746
SEN_demand_NTE,2026-06-16,False,5.8309141732173275
SEN_demand_NTE,2026-06-17,False,4.509759025468511
SEN_demand_NTE,2026-06-18,False,1.3801410254537247
SEN_demand_NTE,2026-06-19,False,1.2023947302210853
SEN_demand_NTE,2026-06-20,False,3.259510565955264
SEN_demand_NTE,2026-06-21,False,3.609343708514846
SEN_demand_NTE,2026-06-22,False,3.7148400830223776
SEN_demand_NTE,2026-06-23,False,3.445952304570812
SEN_demand_NTE,2026-06-24,False,1.7669481378108784
SEN_demand_NTE,2026-06-25,False,1.5321724357103332
SEN_demand_NTE,2026-06-26,False,0.8498064728316665
SEN_demand_NTE,2026-06-27,False,2.083341668338503
SEN_demand_NTE,2026-06-28,False,2.0294741637122535
SEN_demand_NTE,2026-06-29,False,1.0152221266007617
SEN_demand_NTE,2026-06-30,False,2.832042287708804
SEN_demand_NTE,2026-07-01,False,3.6647949409170355
SEN_demand_NTE,2026-07-02,False,3.1322253257889026
SEN_demand_NTE,2026-07-03,False,2.871208637796169
SEN_demand_NTE,2026-07-04,False,3.5698094139089975
SEN_demand_NTE,2026-07-05,False,2.0590587865288974
SEN_demand_NTE,2026-07-06,False,0.7033682955987434
SEN_demand_NTE,2026-07-07,False,1.0728785892301396
SEN_demand_NTE,2026-07-08,False,0.9451291225641096
SEN_demand_NTE,2026-07-09,False,1.498028638585413
SEN_demand_NTE,2026-07-10,False,2.9421517590064976
SEN_demand_NTE,2026-07-11,False,1.6557675305005664
SEN_demand_NTE,2026-07-12,False,1.9127664223008112
SEN_demand_NTE,2026-07-13,False,2.309195781948049
SEN_demand_NTE,2026-07-14,False,1.5189147046199412
SEN_demand_NTE,2026-07-15,False,1.1449672841882874
SEN_demand_NTE,2026-07-16,False,0.9407739204094897
SEN_demand_NTE,2026-07-17,False,0.9624608394059535
SEN_demand_NTE,2026-07-18,False,1.489784650072985
SEN_demand_NTE,2026-07-19,False,1.7319749316559954
SEN_demand_NTE,2026-07-20,False,2.295418691070965
SEN_demand_NTE,2026-07-21,False,2.900047546213395
SEN_demand_NTE,2026-07-22,False,4.294276687192848
SEN_demand_NTE,2026-07-23,False,5.103241426260718
SEN_demand_NTE,2026-07-24,False,5.51158529293064
SEN_demand_NTE,2026-07-25,False,1.843371986511288
SEN_demand_NTE,2026-07-26,False,4.3241181439124015
SEN_demand_NTE,2026-07-27,False,4.326672462696016
SEN_demand_NTE,2026-07-28,False,3.261402626525125
SEN_demand_NTE,2026-07-29,False,1.488910196175207
SEN_demand_NTE,2026-07-30,False,0.7196207537606785
SEN_demand_NTE,2026-07-31,False,1.049862635300297
SEN_demand_NTE,2026-08-01,False,1.1676422865200444
SEN_demand_NTE,2026-08-02,False,2.0873900405023056
SEN_demand_NTE,2026-08-03,False,1.3149063133488514
SEN_demand_NTE,2026-08-04,False,0.9419157507707351
SEN_demand_NTE,2026-08-05,False,1.7291975062807954
SEN_demand_NTE,2026-08-06,False,0.8170789117978182
SEN_demand_NTE,2026-08-07,False,1.940328773402838
SEN_demand_NTE,2026-08-08,False,2.9859698761478333
SEN_demand_NTE,2026-08-09,False,22.802565071374982
SEN_demand_NTE,2026-08-10,False,1.6053514344944082
SEN_demand_NTE,2026-08-11,False,2.9362115378247786
SEN_demand_NTE,2026-08-12,False,5.090348500091946
SEN_demand_NTE,2026-08-13,False,1.8984365157571408
SEN_demand_NTE,2026-08-14,False,1.313516285960395
SEN_demand_NTE,2026-08-15,False,1.1533809426053419
SEN_demand_NTE,2026-08-16,False,1.2901050757755652
SEN_demand_NTE,2026-08-17,False,2.451122332588047
SEN_demand_NTE,2026-08-18,False,1.8832217821398445
SEN_demand_NTE,2026-08-19,False,2.091062158907551
SEN_demand_NTE,2026-08-20,False,3.457494070875724
SEN_demand_NTE,2026-08-21,False,2.6323339046164658
SEN_demand_NTE,2026-08-22,False,2.9280006317656473
SEN_demand_NTE,2026-08-23,False,1.7983696307563124
SEN_demand_NTE,2026-08-24,False,1.8719864165454736
SEN_demand_NTE,2026-08-25,False,3.8920865642194857
SEN_demand_NTE,2026-08-26,False,1.324965003643491
SEN_demand_NTE,2026-08-27,False,1.846375187047361
SEN_demand_NTE,2026-08-28,False,2.1498599039963233
SEN_demand_NTE,2026-08-29,False,2.424327976988505
SEN_demand_NTE,2026-08-30,False,1.9898015517259313
SEN_demand_NTE,2026-08-31,False,1.319463979680593
SEN_demand_NTE,2026-09-01,False,1.5138654952296173
SEN_demand_NTE,2026-09-02,False,1.297640871109473
SEN_demand_NTE,2026-09-03,False,1.1485211044615813
SEN_demand_NTE,2026-09-04,False,1.2324545344749733
SEN_demand_NTE,2026-09-05,False,2.35857132527473
SEN_demand_NTE,2026-09-06,False,0.8208555183319451
SEN_demand_OCC,2026-03-31,False,0.35791771848292053
SEN_demand_OCC,2026-04-01,False,0.6171488976238598
SEN_demand_OCC,2026-04-02,True,1.3038629863271047
SEN_demand_OCC,2026-04-03,True,2.207282817363653
SEN_demand_OCC,2026-04-04,True,2.0257052117590426
SEN_demand_OCC,2026-04-05,True,2.4346093788768246
SEN_demand_OCC,2026-04-06,False,1.790083935882077
SEN_demand_OCC,2026-04-07,False,1.3943171691298433
SEN_demand_OCC,2026-04-08,False,1.2619267953635902
SEN_demand_OCC,2026-04-09,False,0.6450455852156635
SEN_demand_OCC,2026-04-10,False,1.306056590349227
SEN_demand_OCC,2026-04-11,False,1.5869099191072795
SEN_demand_OCC,2026-04-12,False,2.2078772319363424
SEN_demand_OCC,2026-04-13,False,0.9734338075297602
SEN_demand_OCC,2026-04-14,False,1.4511426688072848
SEN_demand_OCC,2026-04-15,False,1.0367541490686254
SEN_demand_OCC,2026-04-16,False,0.975157692870404
SEN_demand_OCC,2026-04-17,False,0.8597993514446336
SEN_demand_OCC,2026-04-18,False,0.7318161529480067
SEN_demand_OCC,2026-04-19,False,1.063517755519653
SEN_demand_OCC,2026-04-20,False,3.2451754714336167
SEN_demand_OCC,2026-04-21,False,5.883128951138316
SEN_demand_OCC,2026-04-22,False,1.9774872714784408
SEN_demand_OCC,2026-04-23,False,2.193287586790697
SEN_demand_OCC,2026-04-24,False,2.413100340500993
SEN_demand_OCC,2026-04-25,False,2.313516974034865
SEN_demand_OCC,2026-04-26,False,1.22096471269336
SEN_demand_OCC,2026-04-27,False,0.8321363015142613
SEN_demand_OCC,2026-04-28,False,1.6660666474019277
SEN_demand_OCC,2026-04-29,False,0.8724017936818506
SEN_demand_OCC,2026-04-30,False,1.636393929078769
SEN_demand_OCC,2026-05-01,True,2.9888610527269677
SEN_demand_OCC,2026-05-02,False,6.442991520767162
SEN_demand_OCC,2026-05-03,False,1.1389826217132981
SEN_demand_OCC,2026-05-04,False,1.9659511903142597
SEN_demand_OCC,2026-05-05,False,1.5547679397980954
SEN_demand_OCC,2026-05-06,False,1.8998320168262595
SEN_demand_OCC,2026-05-07,False,2.443827801905282
SEN_demand_OCC,2026-05-08,False,2.900049940095173
SEN_demand_OCC,2026-05-09,False,2.7062815651917695
SEN_demand_OCC,2026-05-10,False,2.9666507271131746
SEN_demand_OCC,2026-05-11,False,2.4082773519136262
SEN_demand_OCC,2026-05-12,False,6.404057989639907
SEN_demand_OCC,2026-05-13,False,2.9557141172257135
SEN_demand_OCC,2026-05-14,False,0.9924021861328921
SEN_demand_OCC,2026-05-15,False,2.381023133138767
SEN_demand_OCC,2026-05-16,False,0.9444358478984991
SEN_demand_OCC,2026-05-17,False,2.1338086198550235
SEN_demand_OCC,2026-05-18,False,2.7646292179209953
SEN_demand_OCC,2026-05-19,False,3.414957079677566
SEN_demand_OCC,2026-05-20,False,4.041337575738819
SEN_demand_OCC,2026-05-21,False,2.291900120118737
SEN_demand_OCC,2026-05-22,False,1.5258641412350284
SEN_demand_OCC,2026-05-23,False,1.9480916828627532
SEN_demand_OCC,2026-05-24,False,1.291545012240327
SEN_demand_OCC,2026-05-25,False,1.9912215556479338
SEN_demand_OCC,2026-05-26,False,1.038759689867597
SEN_demand_OCC,2026-05-27,False,1.2567544517412048
SEN_demand_OCC,2026-05-28,False,2.8042664121522076
SEN_demand_OCC,2026-05-29,False,1.2610711146262146
SEN_demand_OCC,2026-05-30,False,2.069687097036103
SEN_demand_OCC,2026-05-31,False,1.6642119950796206
SEN_demand_OCC,2026-06-01,False,5.186511901631059
SEN_demand_OCC,2026-06-02,False,1.0767781505867926
SEN_demand_OCC,2026-06-03,False,1.5215957545953402
SEN_demand_OCC,2026-06-04,False,4.009034421849378
SEN_demand_OCC,2026-06-05,False,3.028412876194266
SEN_demand_OCC,2026-06-06,False,5.565071077681294
SEN_demand_OCC,2026-06-07,False,1.8838912195572302
SEN_demand_OCC,2026-06-08,False,2.7652019423367373
SEN_demand_OCC,2026-06-09,False,3.9061199217667855
SEN_demand_OCC,2026-06-10,False,3.0928564590190994
SEN_demand_OCC,2026-06-11,False,2.9705641229153064
SEN_demand_OCC,2026-06-12,False,0.5824179332563377
SEN_demand_OCC,2026-06-13,False,1.1409703049744166
SEN_demand_OCC,2026-06-14,False,1.5388510813765723
SEN_demand_OCC,2026-06-15,False,2.6421068277601734
SEN_demand_OCC,2026-06-16,False,1.1857102197700775
SEN_demand_OCC,2026-06-17,False,2.112577740502053
SEN_demand_OCC,2026-06-18,False,1.565379425480647
SEN_demand_OCC,2026-06-19,False,1.9111092927266242
SEN_demand_OCC,2026-06-20,False,1.921279665802503
SEN_demand_OCC,2026-06-21,False,5.932692037569398
SEN_demand_OCC,2026-06-22,False,2.5455860765887977
SEN_demand_OCC,2026-06-23,False,1.281935521183693
SEN_demand_OCC,2026-06-24,False,1.0855819556783137
SEN_demand_OCC,2026-06-25,False,0.8486185971972265
SEN_demand_OCC,2026-06-26,False,2.2990561469231707
SEN_demand_OCC,2026-06-27,False,1.8194205164086374
SEN_demand_OCC,2026-06-28,False,1.9825596100071716
SEN_demand_OCC,2026-06-29,False,1.8858393963027884
SEN_demand_OCC,2026-06-30,False,2.966190697239882
SEN_demand_OCC,2026-07-01,False,3.558879574830537
SEN_demand_OCC,2026-07-02,False,2.4082446872089074
SEN_demand_OCC,2026-07-03,False,1.6352242506717434
SEN_demand_OCC,2026-07-04,False,1.8745786642738447
SEN_demand_OCC,2026-07-05,False,1.8137528847309206
SEN_demand_OCC,2026-07-06,False,1.6749502081433776
SEN_demand_OCC,2026-07-07,False,2.845981641777734
SEN_demand_OCC,2026-07-08,False,3.076448565744716
SEN_demand_OCC,2026-07-09,False,2.5510142068807062
SEN_demand_OCC,2026-07-10,False,2.2068944705528253
SEN_demand_OCC,2026-07-11,False,0.9889078818202937
SEN_demand_OCC,2026-07-12,False,6.330717553298316
SEN_demand_OCC,2026-07-13,False,1.881048587054808
SEN_demand_OCC,2026-07-14,False,2.5190817213660153
SEN_demand_OCC,2026-07-15,False,1.1432353951280216
SEN_demand_OCC,2026-07-16,False,1.5198149772013618
SEN_demand_OCC,2026-07-17,False,2.939261024173633
SEN_demand_OCC,2026-07-18,False,4.23066911026679
SEN_demand_OCC,2026-07-19,False,3.373360312377676
SEN_demand_OCC,2026-07-20,False,3.3640124052767213
SEN_demand_OCC,2026-07-21,False,1.233556003899173
SEN_demand_OCC,2026-07-22,False,1.8269631390556955
SEN_demand_OCC,2026-07-23,False,0.795373785145021
SEN_demand_OCC,2026-07-24,False,1.138883784779797
SEN_demand_OCC,2026-07-25,False,1.641246432570695
SEN_demand_OCC,2026-07-26,False,3.8826362142854167
SEN_demand_OCC,2026-07-27,False,2.092114439855969
SEN_demand_OCC,2026-07-28,False,3.3600244162308424
SEN_demand_OCC,2026-07-29,False,2.9704396096710153
SEN_demand_OCC,2026-07-30,False,3.5151855577983504
SEN_demand_OCC,2026-07-31,False,1.22579405185289
SEN_demand_OCC,2026-08-01,False,4.828656656423377
SEN_demand_OCC,2026-08-02,False,0.6968995538255963
SEN_demand_OCC,2026-08-03,False,1.7810851275846793
SEN_demand_OCC,2026-08-04,False,3.3643075801379694
SEN_demand_OCC,2026-08-05,False,0.9776013564192177
SEN_demand_OCC,2026-08-06,False,1.0802810470325976
SEN_demand_OCC,2026-08-07,False,0.9704924818595836
SEN_demand_OCC,2026-08-08,False,2.6025459550269097
SEN_demand_OCC,2026-08-09,False,1.6712449196103731
SEN_demand_OCC,2026-08-10,False,2.1030693776686915
SEN_demand_OCC,2026-08-11,False,1.488267226007276
SEN_demand_OCC,2026-08-12,False,0.6391230068883879
SEN_demand_OCC,2026-08-13,False,1.692456094254043
SEN_demand_OCC,2026-08-14,False,0.9972339237336383
SEN_demand_OCC,2026-08-15,False,1.5607838042228386
SEN_demand_OCC,2026-08-16,False,1.9655986453844063
SEN_demand_OCC,2026-08-17,False,1.321856811099749
SEN_demand_OCC,2026-08-18,False,0.8165023425072424
SEN_demand_OCC,2026-08-19,False,1.4550820975550238
SEN_demand_OCC,2026-08-20,False,0.471318557632295
SEN_demand_OCC,2026-08-21,False,1.5355234912942617
SEN_demand_OCC,2026-08-22,False,1.542184468029951
SEN_demand_OCC,2026-08-23,False,6.207585034093339
SEN_demand_OCC,2026-08-24,False,1.4309191452642465
SEN_demand_OCC,2026-08-25,False,2.818663813560743
SEN_demand_OCC,2026-08-26,False,4.246216928665404
SEN_demand_OCC,2026-08-27,False,1.1821575475604995
SEN_demand_OCC,2026-08-28,False,1.8004758800306035
SEN_demand_OCC,2026-08-29,False,2.9922700321766733
SEN_demand_OCC,2026-08-30,False,4.164570404730875
SEN_demand_OCC,2026-08-31,False,4.346562809600044
SEN_demand_OCC,2026-09-01,False,4.986880553436179
SEN_demand_OCC,2026-09-02,False,4.678050972800047
SEN_demand_OCC,2026-09-03,False,5.48067330974881
SEN_demand_OCC,2026-09-04,False,2.6728436139003846
SEN_demand_OCC,2026-09-05,False,2.1874771719426613
SEN_demand_OCC,2026-09-06,False,1.841470965546338
SEN_demand_ORI,2026-03-31,False,0.7465857797392899
SEN_demand_ORI,2026-04-01,False,4.1126011896334385
SEN_demand_ORI,2026-04-02,True,4.458308248242271
SEN_demand_ORI,2026-04-03,True,4.137825503367235
SEN_demand_ORI,2026-04-04,True,3.915833429174572
SEN_demand_ORI,2026-04-05,True,4.024958120081029
SEN_demand_ORI,2026-04-06,False,3.6605403044647065
SEN_demand_ORI,2026-04-07,False,4.308049740702469
SEN_demand_ORI,2026-04-08,False,4.3693852921889045
SEN_demand_ORI,2026-04-09,False,4.281042491942291
SEN_demand_ORI,2026-04-10,False,4.346992960416294
SEN_demand_ORI,2026-04-11,False,4.303480904660722
SEN_demand_ORI,2026-04-12,False,4.097945249669538
SEN_demand_ORI,2026-04-13,False,6.384033215383873
SEN_demand_ORI,2026-04-14,False,7.706458900004629
SEN_demand_ORI,2026-04-15,False,5.837036590070316
SEN_demand_ORI,2026-04-16,False,7.478844354818924
SEN_demand_ORI,2026-04-17,False,7.354726742123992
SEN_demand_ORI,2026-04-18,False,7.423702831127649
SEN_demand_ORI,2026-04-19,False,5.528871904209265
SEN_demand_ORI,2026-04-20,False,6.1033756817467895
SEN_demand_ORI,2026-04-21,False,4.1653857333135225
SEN_demand_ORI,2026-04-22,False,5.7169936755962905
SEN_demand_ORI,2026-04-23,False,2.7069715049884553
SEN_demand_ORI,2026-04-24,False,4.2304219375966134
SEN_demand_ORI,2026-04-25,False,4.932397128532284
SEN_demand_ORI,2026-04-26,False,6.514732860406079
SEN_demand_ORI,2026-04-27,False,5.252696487108063
SEN_demand_ORI,2026-04-28,False,4.610406462559691
SEN_demand_ORI,2026-04-29,False,6.826580842246058
SEN_demand_ORI,2026-04-30,False,9.405687501031395
SEN_demand_ORI,2026-05-01,True,11.775186623238561
SEN_demand_ORI,2026-05-02,False,2.7393648754613213
SEN_demand_ORI,2026-05-03,False,8.730610504720126
SEN_demand_ORI,2026-05-04,False,4.2044375710255375
SEN_demand_ORI,2026-05-05,False,1.8689776474480768
SEN_demand_ORI,2026-05-06,False,1.4644256620906535
SEN_demand_ORI,2026-05-07,False,1.9087374644962598
SEN_demand_ORI,2026-05-08,False,1.7705469574956019
SEN_demand_ORI,2026-05-09,False,4.652765161107394
SEN_demand_ORI,2026-05-10,False,6.047545895508852
SEN_demand_ORI,2026-05-11,False,1.3869309795266487
SEN_demand_ORI,2026-05-12,False,6.11221794781874
SEN_demand_ORI,2026-05-13,False,1.7057461605260675
SEN_demand_ORI,2026-05-14,False,5.475033050598474
SEN_demand_ORI,2026-05-15,False,4.887754055545979
SEN_demand_ORI,2026-05-16,False,2.0017646004318124
SEN_demand_ORI,2026-05-17,False,2.0747287543069124
SEN_demand_ORI,2026-05-18,False,5.270562013618046
SEN_demand_ORI,2026-05-19,False,3.155675196636042
SEN_demand_ORI,2026-05-20,False,7.144567132158862
SEN_demand_ORI,2026-05-21,False,6.997885698927651
SEN_demand_ORI,2026-05-22,False,7.701048105715041
SEN_demand_ORI,2026-05-23,False,7.69468894658172
SEN_demand_ORI,2026-05-24,False,7.486361349525896
SEN_demand_ORI,2026-05-25,False,5.056231689049941
SEN_demand_ORI,2026-05-26,False,7.71955765892575
SEN_demand_ORI,2026-05-27,False,3.799700854091822
SEN_demand_ORI,2026-05-28,False,12.231197784234888
SEN_demand_ORI,2026-05-29,False,7.441489229826659
SEN_demand_ORI,2026-05-30,False,10.216256823146113
SEN_demand_ORI,2026-05-31,False,3.635847335445256
SEN_demand_ORI,2026-06-01,False,4.791915595187548
SEN_demand_ORI,2026-06-02,False,5.230441274091987
SEN_demand_ORI,2026-06-03,False,8.725638248175198
SEN_demand_ORI,2026-06-04,False,8.843644750808883
SEN_demand_ORI,2026-06-05,False,5.027481195558081
SEN_demand_ORI,2026-06-06,False,7.899396381776327
SEN_demand_ORI,2026-06-07,False,11.935638596659974
SEN_demand_ORI,2026-06-08,False,11.34288275016338
SEN_demand_ORI,2026-06-09,False,13.78523597980285
SEN_demand_ORI,2026-06-10,False,2.860999368727739
SEN_demand_ORI,2026-06-11,False,9.473782885685877
SEN_demand_ORI,2026-06-12,False,10.2250890307991
SEN_demand_ORI,2026-06-13,False,7.223929876780086
SEN_demand_ORI,2026-06-14,False,4.1916887346058855
SEN_demand_ORI,2026-06-15,False,2.179394694211349
SEN_demand_ORI,2026-06-16,False,9.697381503348113
SEN_demand_ORI,2026-06-17,False,7.694492281246982
SEN_demand_ORI,2026-06-18,False,7.091986003405229
SEN_demand_ORI,2026-06-19,False,7.341577172033209
SEN_demand_ORI,2026-06-20,False,9.05074764857774
SEN_demand_ORI,2026-06-21,False,9.47240878195254
SEN_demand_ORI,2026-06-22,False,5.88071781673807
SEN_demand_ORI,2026-06-23,False,10.699133729942446
SEN_demand_ORI,2026-06-24,False,10.433829910849557
SEN_demand_ORI,2026-06-25,False,7.084017761729826
SEN_demand_ORI,2026-06-26,False,7.762462074050168
SEN_demand_ORI,2026-06-27,False,7.721670427035978
SEN_demand_ORI,2026-06-28,False,9.046464242719725
SEN_demand_ORI,2026-06-29,False,6.957813467401965
SEN_demand_ORI,2026-06-30,False,7.945958704370091
SEN_demand_ORI,2026-07-01,False,8.722045609751667
SEN_demand_ORI,2026-07-02,False,12.171704440777924
SEN_demand_ORI,2026-07-03,False,7.763566461251976
SEN_demand_ORI,2026-07-04,False,7.948663064324074
SEN_demand_ORI,2026-07-05,False,5.25441353346874
SEN_demand_ORI,2026-07-06,False,8.737885164567343
SEN_demand_ORI,2026-07-07,False,11.917609287012654
SEN_demand_ORI,2026-07-08,False,10.516490328723425
SEN_demand_ORI,2026-07-09,False,8.438104553038423
SEN_demand_ORI,2026-07-10,False,5.664116102858872
SEN_demand_ORI,2026-07-11,False,11.761301841770788
SEN_demand_ORI,2026-07-12,False,11.136324597060366
SEN_demand_ORI,2026-07-13,False,8.53226386105333
SEN_demand_ORI,2026-07-14,False,8.349064259330001
SEN_demand_ORI,2026-07-15,False,7.418061748000852
SEN_demand_ORI,2026-07-16,False,12.358889700222742
SEN_demand_ORI,2026-07-17,False,12.678473321979835
SEN_demand_ORI,2026-07-18,False,8.334232202308222
SEN_demand_ORI,2026-07-19,False,7.9429090504170965
SEN_demand_ORI,2026-07-20,False,9.09648348838847
SEN_demand_ORI,2026-07-21,False,5.123172003984624
SEN_demand_ORI,2026-07-22,False,10.639153270322666
SEN_demand_ORI,2026-07-23,False,8.004010167990511
SEN_demand_ORI,2026-07-24,False,7.4129884782314095
SEN_demand_ORI,2026-07-25,False,8.75018828910697
SEN_demand_ORI,2026-07-26,False,8.889210118145767
SEN_demand_ORI,2026-07-27,False,7.241662827615835
SEN_demand_ORI,2026-07-28,False,7.7878885720512505
SEN_demand_ORI,2026-07-29,False,7.221204055238228
SEN_demand_ORI,2026-07-30,False,6.733897389809916
SEN_demand_ORI,2026-07-31,False,7.81540808738959
SEN_demand_ORI,2026-08-01,False,6.341696770635112
SEN_demand_ORI,2026-08-02,False,10.26569282829566
SEN_demand_ORI,2026-08-03,False,8.244140923643688
SEN_demand_ORI,2026-08-04,False,5.20824461106458
SEN_demand_ORI,2026-08-05,False,8.071637852789731
SEN_demand_ORI,2026-08-06,False,8.801440851810527
SEN_demand_ORI,2026-08-07,False,7.460057807178257
SEN_demand_ORI,2026-08-08,False,7.84628759077723
SEN_demand_ORI,2026-08-09,False,9.610051295099309
SEN_demand_ORI,2026-08-10,False,6.711782271733395
SEN_demand_ORI,2026-08-11,False,9.763036885753666
SEN_demand_ORI,2026-08-12,False,9.055335273241933
SEN_demand_ORI,2026-08-13,False,6.309822204304637
SEN_demand_ORI,2026-08-14,False,8.88919390018135
SEN_demand_ORI,2026-08-15,False,8.268507189464378
SEN_demand_ORI,2026-08-16,False,10.355703942462375
SEN_demand_ORI,2026-08-17,False,4.638731432031373
SEN_demand_ORI,2026-08-18,False,9.029332155766308
SEN_demand_ORI,2026-08-19,False,7.894110358612641
SEN_demand_ORI,2026-08-20,False,6.62018441321935
SEN_demand_ORI,2026-08-21,False,4.786162897060594
SEN_demand_ORI,2026-08-22,False,6.734547612189153
SEN_demand_ORI,2026-08-23,False,7.911608040038617
SEN_demand_ORI,2026-08-24,False,11.171446078333487
SEN_demand_ORI,2026-08-25,False,3.253728057473585
SEN_demand_ORI,2026-08-26,False,2.5263200417859717
SEN_demand_ORI,2026-08-27,False,1.7207710397471658
SEN_demand_ORI,2026-08-28,False,1.5387960454782954
SEN_demand_ORI,2026-08-29,False,1.4690531935709568
SEN_demand_ORI,2026-08-30,False,1.2721558578531509
SEN_demand_ORI,2026-08-31,False,1.8078054676781714
SEN_demand_ORI,2026-09-01,False,2.36272293656246
SEN_demand_ORI,2026-09-02,False,2.8819632543118154
SEN_demand_ORI,2026-09-03,False,1.2859770472128556
SEN_demand_ORI,2026-09-04,False,2.7880382909668917
SEN_demand_ORI,2026-09-05,False,2.807125054742349
SEN_demand_ORI,2026-09-06,False,1.0249486194567197
SEN_demand_PEN,2026-03-31,False,0.34956579421930417
SEN_demand_PEN,2026-04-01,False,1.3464888484588906
SEN_demand_PEN,2026-04-02,True,1.7394398093091477
SEN_demand_PEN,2026-04-03,True,2.558498110287274
SEN_demand_PEN,2026-04-04,True,1.5248798463311775
SEN_demand_PEN,2026-04-05,True,1.670465439482237
SEN_demand_PEN,2026-04-06,False,1.5510619255971276
SEN_demand_PEN,2026-04-07,False,1.2336255339805793
SEN_demand_PEN,2026-04-08,False,0.9994596936022613
SEN_demand_PEN,2026-04-09,False,0.9197456663954717
SEN_demand_PEN,2026-04-10,False,0.5498520812925338
SEN_demand_PEN,2026-04-11,False,0.625282053149213
SEN_demand_PEN,2026-04-12,False,1.6692707681709138
SEN_demand_PEN,2026-04-13,False,7.549088629777064
SEN_demand_PEN,2026-04-14,False,10.273396269390394
SEN_demand_PEN,2026-04-15,False,2.9599600019735384
SEN_demand_PEN,2026-04-16,False,2.1670600801603506
SEN_demand_PEN,2026-04-17,False,2.443049950914554
SEN_demand_PEN,2026-04-18,False,5.361976165894652
SEN_demand_PEN,2026-04-19,False,2.215302510853709
SEN_demand_PEN,2026-04-20,False,1.7701379328980114
SEN_demand_PEN,2026-04-21,False,3.3043803438490067
SEN_demand_PEN,2026-04-22,False,2.1248334162328963
SEN_demand_PEN,2026-04-23,False,1.3035712733295413
SEN_demand_PEN,2026-04-24,False,4.724437886674609
SEN_demand_PEN,2026-04-25,False,1.2698763299722333
SEN_demand_PEN,2026-04-26,False,1.5918671195641232
SEN_demand_PEN,2026-04-27,False,1.9187786080411784
SEN_demand_PEN,2026-04-28,False,5.332763248582512
SEN_demand_PEN,2026-04-29,False,4.085011191021675
SEN_demand_PEN,2026-04-30,False,4.386675752107666
SEN_demand_PEN,2026-05-01,True,6.0858951935341095
SEN_demand_PEN,2026-05-02,False,2.6627223781212406
SEN_demand_PEN,2026-05-03,False,6.996291564289383
SEN_demand_PEN,2026-05-04,False,5.9244013148495265
SEN_demand_PEN,2026-05-05,False,3.9231020400268797
SEN_demand_PEN,2026-05-06,False,2.582198671748931
SEN_demand_PEN,2026-05-07,False,1.483538193050255
SEN_demand_PEN,2026-05-08,False,3.198500354805474
SEN_demand_PEN,2026-05-09,False,5.5311906575331635
SEN_demand_PEN,2026-05-10,False,3.2170736830030675
SEN_demand_PEN,2026-05-11,False,2.894389199419284
SEN_demand_PEN,2026-05-12,False,2.094774668763973
SEN_demand_PEN,2026-05-13,False,1.427694092176263
SEN_demand_PEN,2026-05-14,False,3.2174223155744954
SEN_demand_PEN,2026-05-15,False,3.0501385767934663
SEN_demand_PEN,2026-05-16,False,2.3315436436863264
SEN_demand_PEN,2026-05-17,False,1.8505109265847666
SEN_demand_PEN,2026-05-18,False,2.7028703698273566
SEN_demand_PEN,2026-05-19,False,1.2092301485037018
SEN_demand_PEN,2026-05-20,False,3.2035489267694515
SEN_demand_PEN,2026-05-21,False,4.7198049899936425
SEN_demand_PEN,2026-05-22,False,2.658101124098967
SEN_demand_PEN,2026-05-23,False,1.4412207632731973
SEN_demand_PEN,2026-05-24,False,2.1549774491135496
SEN_demand_PEN,2026-05-25,False,8.691687267656462
SEN_demand_PEN,2026-05-26,False,17.10345266285504
SEN_demand_PEN,2026-05-27,False,11.064758109176557
SEN_demand_PEN,2026-05-28,False,3.4384373660264504
SEN_demand_PEN,2026-05-29,False,1.2886891603617896
SEN_demand_PEN,2026-05-30,False,3.6747693021128223
SEN_demand_PEN,2026-05-31,False,9.182486414696577
SEN_demand_PEN,2026-06-01,False,3.269598931878581
SEN_demand_PEN,2026-06-02,False,7.100634564479858
SEN_demand_PEN,2026-06-03,False,3.135026164056172
SEN_demand_PEN,2026-06-04,False,2.7012009664849415
SEN_demand_PEN,2026-06-05,False,3.0592595079550606
SEN_demand_PEN,2026-06-06,False,5.930779219291576
SEN_demand_PEN,2026-06-07,False,4.087764618644318
SEN_demand_PEN,2026-06-08,False,2.687851983453811
SEN_demand_PEN,2026-06-09,False,5.962077494380029
SEN_demand_PEN,2026-06-10,False,8.818109451643375
SEN_demand_PEN,2026-06-11,False,4.877477090745837
SEN_demand_PEN,2026-06-12,False,8.21041452476917
SEN_demand_PEN,2026-06-13,False,2.4636455713406376
SEN_demand_PEN,2026-06-14,False,1.4656394987783155
SEN_demand_PEN,2026-06-15,False,2.708408896998778
SEN_demand_PEN,2026-06-16,False,3.03015571990463
SEN_demand_PEN,2026-06-17,False,2.169687706490839
SEN_demand_PEN,2026-06-18,False,3.562684597715224
SEN_demand_PEN,2026-06-19,False,3.2458538941076136
SEN_demand_PEN,2026-06-20,False,8.71327375680812
SEN_demand_PEN,2026-06-21,False,8.463486743813101
SEN_demand_PEN,2026-06-22,False,1.820265155336032
SEN_demand_PEN,2026-06-23,False,6.838683146993694
SEN_demand_PEN,2026-06-24,False,7.35981300491796
SEN_demand_PEN,2026-06-25,False,1.5680449957185632
SEN_demand_PEN,2026-06-26,False,3.174678952339169
SEN_demand_PEN,2026-06-27,False,3.946489506765314
SEN_demand_PEN,2026-06-28,False,4.659554649446981
SEN_demand_PEN,2026-06-29,False,5.6859009211528635
SEN_demand_PEN,2026-06-30,False,4.448283544136791
SEN_demand_PEN,2026-07-01,False,4.062397864600264
SEN_demand_PEN,2026-07-02,False,6.511044367520939
SEN_demand_PEN,2026-07-03,False,4.122012007921849
SEN_demand_PEN,2026-07-04,False,1.7853273389819475
SEN_demand_PEN,2026-07-05,False,3.149925481073579
SEN_demand_PEN,2026-07-06,False,5.498209749780635
SEN_demand_PEN,2026-07-07,False,6.130095403771549
SEN_demand_PEN,2026-07-08,False,7.259542232885195
SEN_demand_PEN,2026-07-09,False,3.2037485798835856
SEN_demand_PEN,2026-07-10,False,4.118863729318555
SEN_demand_PEN,2026-07-11,False,9.271323243876468
SEN_demand_PEN,2026-07-12,False,11.020862093549736
SEN_demand_PEN,2026-07-13,False,1.4641974330235508
SEN_demand_PEN,2026-07-14,False,2.411557769105595
SEN_demand_PEN,2026-07-15,False,8.964512693255866
SEN_demand_PEN,2026-07-16,False,16.584371685459534
SEN_demand_PEN,2026-07-17,False,2.040960535441654
SEN_demand_PEN,2026-07-18,False,0.8236479095037943
SEN_demand_PEN,2026-07-19,False,4.715520514835181
SEN_demand_PEN,2026-07-20,False,6.621054892992579
SEN_demand_PEN,2026-07-21,False,6.050927630481084
SEN_demand_PEN,2026-07-22,False,1.7435579909462318
SEN_demand_PEN,2026-07-23,False,6.605388584608572
SEN_demand_PEN,2026-07-24,False,2.4718963015527464
SEN_demand_PEN,2026-07-25,False,3.7794181208833257
SEN_demand_PEN,2026-07-26,False,9.618239340596952
SEN_demand_PEN,2026-07-27,False,5.1931345325054865
SEN_demand_PEN,2026-07-28,False,5.9921989779004985
SEN_demand_PEN,2026-07-29,False,1.38006439636851
SEN_demand_PEN,2026-07-30,False,1.5231204739722544
SEN_demand_PEN,2026-07-31,False,1.4534436856249726
SEN_demand_PEN,2026-08-01,False,2.3641920623325374
SEN_demand_PEN,2026-08-02,False,1.2989915813794761
SEN_demand_PEN,2026-08-03,False,1.2287226631954684
SEN_demand_PEN,2026-08-04,False,3.4923443154297926
SEN_demand_PEN,2026-08-05,False,6.575321021203197
SEN_demand_PEN,2026-08-06,False,7.013109480242647
SEN_demand_PEN,2026-08-07,False,2.408094059954927
SEN_demand_PEN,2026-08-08,False,2.719313634371076
SEN_demand_PEN,2026-08-09,False,5.681646408511212
SEN_demand_PEN,2026-08-10,False,1.2139726862991091
SEN_demand_PEN,2026-08-11,False,4.380941567068937
SEN_demand_PEN,2026-08-12,False,13.251198248794937
SEN_demand_PEN,2026-08-13,False,2.9339263132613547
SEN_demand_PEN,2026-08-14,False,1.926784454771844
SEN_demand_PEN,2026-08-15,False,2.217009707763149
SEN_demand_PEN,2026-08-16,False,6.291411500846518
SEN_demand_PEN,2026-08-17,False,3.332551381826524
SEN_demand_PEN,2026-08-18,False,5.501493336328581
SEN_demand_PEN,2026-08-19,False,7.227135581371721
SEN_demand_PEN,2026-08-20,False,3.201242724154476
SEN_demand_PEN,2026-08-21,False,3.5824906781393877
SEN_demand_PEN,2026-08-22,False,2.576860965912026
SEN_demand_PEN,2026-08-23,False,2.7671942306461053
SEN_demand_PEN,2026-08-24,False,6.974677675303371
SEN_demand_PEN,2026-08-25,False,5.208792856339709
SEN_demand_PEN,2026-08-26,False,1.4180086370010363
SEN_demand_PEN,2026-08-27,False,4.792986045024981
SEN_demand_PEN,2026-08-28,False,3.6245471763878148
SEN_demand_PEN,2026-08-29,False,2.360609026415971
SEN_demand_PEN,2026-08-30,False,2.0019176418217306
SEN_demand_PEN,2026-08-31,False,5.703836801713852
SEN_demand_PEN,2026-09-01,False,4.297096677117437
SEN_demand_PEN,2026-09-02,False,1.7540345604551626
SEN_demand_PEN,2026-09-03,False,2.4429382785472296
SEN_demand_PEN,2026-09-04,False,5.762521909780577
SEN_demand_PEN,2026-09-05,False,1.1955729944299884
SEN_demand_PEN,2026-09-06,False,2.1514731259521676
SEN_demand_SIN,2026-03-31,False,0.09828146790595166
SEN_demand_SIN,2026-04-01,False,0.192350514556844
SEN_demand_SIN,2026-04-02,False,0.11166829571351918
SEN_demand_SIN,2026-04-03,True,0.25945383594205385
SEN_demand_SIN,2026-04-04,True,0.3844074771226395
SEN_demand_SIN,2026-04-05,False,0.2706470753654482
SEN_demand_SIN,2026-04-06,False,0.15983772117257167
SEN_demand_SIN,2026-04-09,False,0.2238440452127151
SEN_demand_SIN,2026-04-10,False,0.20253703508146204
SEN_demand_SIN,2026-04-12,False,0.2406083940886656
SEN_demand_SIN,2026-04-15,False,1.0157339898358293
SEN_demand_SIN,2026-04-16,False,1.152916959419757
SEN_demand_SIN,2026-04-17,False,0.6918028761110271
SEN_demand_SIN,2026-04-18,False,0.5593295185544231
SEN_demand_SIN,2026-04-19,False,1.52220472340585
SEN_demand_SIN,2026-04-20,False,0.9902468487051395
SEN_demand_SIN,2026-04-21,False,0.7603531457675624
SEN_demand_SIN,2026-04-22,False,1.2539346759647507
SEN_demand_SIN,2026-04-23,False,0.5551022956014426
SEN_demand_SIN,2026-04-24,False,0.605303664970409
SEN_demand_SIN,2026-04-25,False,0.8773002365517547
SEN_demand_SIN,2026-04-26,False,1.9451619351906053
SEN_demand_SIN,2026-04-27,False,1.7046705998693716
SEN_demand_SIN,2026-04-28,False,1.3264946070969246
SEN_demand_SIN,2026-04-29,False,0.6251471057762626
SEN_demand_SIN,2026-04-30,False,2.131176369699684
SEN_demand_SIN,2026-05-01,True,3.9389679129910817
SEN_demand_SIN,2026-05-02,False,1.1027318679724387
SEN_demand_SIN,2026-05-03,False,0.8083466469364186
SEN_demand_SIN,2026-05-04,False,0.8575188869188738
SEN_demand_SIN,2026-05-05,False,1.2863512399418957
SEN_demand_SIN,2026-05-06,False,0.7409358078274257
SEN_demand_SIN,2026-05-07,False,1.006057065045682
SEN_demand_SIN,2026-05-08,False,0.5316091955108297
SEN_demand_SIN,2026-05-09,False,0.9910463105434281
SEN_demand_SIN,2026-05-10,False,1.2197477384936886
SEN_demand_SIN,2026-05-11,False,1.004481118572471
SEN_demand_SIN,2026-05-12,False,2.2236536856392366
SEN_demand_SIN,2026-05-13,False,0.32767797266129833
SEN_demand_SIN,2026-05-14,False,0.8864088112355716
SEN_demand_SIN,2026-05-15,False,0.9469469468544137
SEN_demand_SIN,2026-05-16,False,1.0443291640411279
SEN_demand_SIN,2026-05-17,False,0.4723087005364629
SEN_demand_SIN,2026-05-18,False,1.463781423733432
SEN_demand_SIN,2026-05-19,False,1.3740991107086376
SEN_demand_SIN,2026-05-20,False,1.640218267906354
SEN_demand_SIN,2026-05-21,False,1.891195364198954
SEN_demand_SIN,2026-05-22,False,1.361237061305116
SEN_demand_SIN,2026-05-23,False,0.8304980703161973
SEN_demand_SIN,2026-05-24,False,1.036115265277817
SEN_demand_SIN,2026-05-25,False,0.9561742476332599
SEN_demand_SIN,2026-05-26,False,2.250346454725695
SEN_demand_SIN,2026-05-27,False,0.8628434790830509
SEN_demand_SIN,2026-05-28,False,1.6026709250153672
SEN_demand_SIN,2026-05-29,False,0.8320946948175318
SEN_demand_SIN,2026-05-30,False,1.4442118951412737
SEN_demand_SIN,2026-05-31,False,0.7407566986997416
SEN_demand_SIN,2026-06-01,False,0.9605554471014391
SEN_demand_SIN,2026-06-02,False,0.9209591669561343
SEN_demand_SIN,2026-06-03,False,1.3053457581716679
SEN_demand_SIN,2026-06-04,False,2.604413609356539
SEN_demand_SIN,2026-06-05,False,1.8088074873245434
SEN_demand_SIN,2026-06-06,False,1.4125310976460803
SEN_demand_SIN,2026-06-07,False,0.7205957326364015
SEN_demand_SIN,2026-06-08,False,1.1729142677389817
SEN_demand_SIN,2026-06-09,False,1.8575705182770825
SEN_demand_SIN,2026-06-10,False,0.6667135853775402
SEN_demand_SIN,2026-06-11,False,1.3406334024649933
SEN_demand_SIN,2026-06-12,False,0.517661217737857
SEN_demand_SIN,2026-06-13,False,1.0004306362876423
SEN_demand_SIN,2026-06-14,False,1.066306278575811
SEN_demand_SIN,2026-06-15,False,1.7004223667038465
SEN_demand_SIN,2026-06-16,False,1.4503297180802799
SEN_demand_SIN,2026-06-17,False,0.8029294464120356
SEN_demand_SIN,2026-06-18,False,0.6132976607747909
SEN_demand_SIN,2026-06-19,False,1.1844841522534464
SEN_demand_SIN,2026-06-20,False,2.1183041769248248
SEN_demand_SIN,2026-06-21,False,1.3618088128415144
SEN_demand_SIN,2026-06-22,False,1.2548079899309328
SEN_demand_SIN,2026-06-23,False,1.3649495813380548
SEN_demand_SIN,2026-06-24,False,0.4033871288146503
SEN_demand_SIN,2026-06-25,False,0.47449566281340283
SEN_demand_SIN,2026-06-26,False,1.407092347255604
SEN_demand_SIN,2026-06-27,False,0.9408088090767238
SEN_demand_SIN,2026-06-28,False,0.7594227970591936
SEN_demand_SIN,2026-06-29,False,1.7674549989875636
SEN_demand_SIN,2026-06-30,False,2.2370221599439524
SEN_demand_SIN,2026-07-01,False,3.3148453945760243
SEN_demand_SIN,2026-07-02,False,1.9868819169186134
SEN_demand_SIN,2026-07-03,False,0.45760524239120753
SEN_demand_SIN,2026-07-04,False,0.8293790359437719
SEN_demand_SIN,2026-07-05,False,1.8859035479544595
SEN_demand_SIN,2026-07-06,False,1.150576753080373
SEN_demand_SIN,2026-07-07,False,2.2701900314690255
SEN_demand_SIN,2026-07-08,False,2.4503341538445422
SEN_demand_SIN,2026-07-09,False,1.7272014335079005
SEN_demand_SIN,2026-07-10,False,1.1201993943346442
SEN_demand_SIN,2026-07-11,False,1.4167457172687807
SEN_demand_SIN,2026-07-12,False,2.3329735396925027
SEN_demand_SIN,2026-07-13,False,0.7230988838380591
SEN_demand_SIN,2026-07-14,False,0.8098262038129266
SEN_demand_SIN,2026-07-15,False,0.8874320739675821
SEN_demand_SIN,2026-07-16,False,1.3413186821095218
SEN_demand_SIN,2026-07-17,False,1.9434684563609528
SEN_demand_SIN,2026-07-18,False,1.6036398853539253
SEN_demand_SIN,2026-07-20,False,1.8742052676014043
SEN_demand_SIN,2026-07-21,False,1.2844663310789581
SEN_demand_SIN,2026-07-22,False,1.1200688055860586
SEN_demand_SIN,2026-07-23,False,0.617148576187564
SEN_demand_SIN,2026-07-24,False,1.057162321673386
SEN_demand_SIN,2026-07-25,False,2.127028753060073
SEN_demand_SIN,2026-07-26,False,1.3115044476060622
SEN_demand_SIN,2026-07-27,False,1.5615433035230804
SEN_demand_SIN,2026-07-28,False,2.1051660148076734
SEN_demand_SIN,2026-07-29,False,0.8941982310794688
SEN_demand_SIN,2026-07-30,False,2.472592184067104
SEN_demand_SIN,2026-07-31,False,0.9434485019198505
SEN_demand_SIN,2026-08-01,False,1.5724084899761557
SEN_demand_SIN,2026-08-02,False,2.2389386584975832
SEN_demand_SIN,2026-08-03,False,1.5249271757603018
SEN_demand_SIN,2026-08-04,False,1.6575437089533778
SEN_demand_SIN,2026-08-05,False,1.5580652535314263
SEN_demand_SIN,2026-08-06,False,1.1990019641984977
SEN_demand_SIN,2026-08-07,False,0.8864646648874548
SEN_demand_SIN,2026-08-08,False,1.7742516296212227
SEN_demand_SIN,2026-08-09,False,4.528175780722445
SEN_demand_SIN,2026-08-10,False,0.9718218548112998
SEN_demand_SIN,2026-08-11,False,1.1166533319919543
SEN_demand_SIN,2026-08-12,False,1.8059031634011027
SEN_demand_SIN,2026-08-13,False,0.7982310268459217
SEN_demand_SIN,2026-08-14,False,0.9951795381284122
SEN_demand_SIN,2026-08-15,False,0.5664064393112942
SEN_demand_SIN,2026-08-16,False,1.04253477576852
SEN_demand_SIN,2026-08-17,False,1.0353642486847063
SEN_demand_SIN,2026-08-18,False,2.039011456278578
SEN_demand_SIN,2026-08-19,False,0.6647280581422388
SEN_demand_SIN,2026-08-20,False,0.9065650985514604
SEN_demand_SIN,2026-08-21,False,1.5985494754485259
SEN_demand_SIN,2026-08-22,False,0.7262200122297444
SEN_demand_SIN,2026-08-23,False,2.7512136120503756
SEN_demand_SIN,2026-08-24,False,0.9475914763706917
SEN_demand_SIN,2026-08-25,False,0.45145913188292375
SEN_demand_SIN,2026-08-26,False,0.6596790032816786
SEN_demand_SIN,2026-08-27,False,0.3688947310685339
SEN_demand_SIN,2026-08-28,False,0.5120220684978681
SEN_demand_SIN,2026-08-29,False,0.7413646181691875
SEN_demand_SIN,2026-08-30,False,1.0738694807134355
SEN_demand_SIN,2026-08-31,False,1.8839149105504236
SEN_demand_SIN,2026-09-01,False,1.2658423795566391
SEN_demand_SIN,2026-09-02,False,0.47401513168292353
SEN_demand_SIN,2026-09-03,False,1.020185770402988
SEN_demand_SIN,2026-09-04,False,1.1021531079000635
SEN_demand_SIN,2026-09-05,False,0.8048531823986913
SEN_demand_SIN,2026-09-06,False,0.8834825645225691
