unique_id,target_date,holiday_label,model_mape_24_pct,model_mpe_24_pct,n_prior_by_date,n_prior_by_holiday,naive_by_date_mean_mape,naive_by_date_median_mape,naive_by_date_mean_mpe,naive_by_date_median_mpe,naive_by_date_last_mape,naive_by_date_mean2_mape,naive_by_date_median2_mape,naive_by_date_mean3_mape,naive_by_date_median3_mape,naive_by_holiday_mean_mape,naive_by_holiday_median_mape,naive_by_holiday_mean_mpe,naive_by_holiday_median_mpe,naive_by_holiday_last_mape,naive_by_holiday_mean2_mape,naive_by_holiday_median2_mape,naive_by_holiday_mean3_mape,naive_by_holiday_median3_mape,naive_by_holiday_mean4_mape,naive_by_holiday_median4_mape,naive_by_date_mean4_mape,naive_by_date_median4_mape
SEN_demand_CEL,2025-01-01,New Year's Day,2.491426121206262,1.2535082333499885,3,5,1.2474064263424758,1.3154170489851957,-0.8345230335051647,-1.0136052657550039,1.1797765366372461,1.167009454484586,1.167009454484586,1.2474064263424758,1.3154170489851957,9.505153242244496,1.8409946532347305,-9.303317314045547,-1.545890422917646,30.510890103085398,15.654030099680787,15.654030099680787,10.81344341127062,1.7461372728989637,11.880308936005562,8.198640820288707,,
SEN_demand_CEL,2025-02-03,Constitution Day,3.0745677824716577,-2.656770439049296,4,4,9.768844395373785,10.92395370404484,-9.768844395373785,-10.92395370404484,9.211841406884899,12.32903845200739,12.32903845200739,12.914519051021864,14.028973000636723,2.176542424909123,2.1809927722360425,0.8030960837087164,0.9527077191313574,2.615947034465576,2.4033505542301925,2.4033505542301925,2.2461962223734773,2.052125993453966,2.176542424909123,2.1809927722360425,9.768844395373785,10.92395370404484
SEN_demand_CEL,2025-03-17,Benito Juarez's Birthday,2.7283532462035147,-2.650298876058,4,4,12.942627442624028,16.19101995455676,-12.942627442624028,-16.19101995455676,3.93098690604036,10.041110998672286,10.041110998672286,12.265553321567277,16.207155729896193,1.5091317989846964,1.5187150554215736,-0.6984251125153689,-0.663016949983961,2.44884291167406,1.5872090984952496,1.5872090984952496,1.4200994231239001,1.541353605057296,1.5091317989846964,1.5187150554215736,12.942627442624028,16.19101995455676
SEN_demand_CEL,2025-04-17,Maundy Thursday,1.5274638650677954,1.1407376459206322,4,4,7.080080390706513,6.407194373334182,-6.831707343690778,-5.97264481589671,16.393736892922036,12.209543512815054,12.209543512815054,9.350651996376186,10.018415227965948,2.7534118515839663,2.6282377906078733,2.7534118515839663,2.5456656569426444,1.8658735420791939,1.227312190639284,1.227312190639284,2.004453546309868,1.790003755823281,2.7534118515839663,2.6282377906078733,7.080080390706513,6.407194373334182
SEN_demand_CEL,2025-04-18,Good Friday,2.2236423852515177,1.7519648147772509,4,4,14.335931439470352,13.498778590833966,-14.335931439470352,-13.498778590833966,27.25178437383101,23.9549714577183,23.9549714577183,17.189647068871558,20.658158541605587,4.3445185501910215,4.109399941931078,4.3445185501910215,4.109399941931078,3.1010989976555074,2.408975125951326,2.408975125951326,3.8362306614139503,3.2038495404862446,4.3445185501910215,4.109399941931078,14.335931439470352,13.498778590833966
SEN_demand_CEL,2025-04-19,Holy Saturday,2.40873391147122,2.309507214851362,4,8,13.736844404753308,16.412105989936396,-13.736844404753308,-16.412105989936396,23.728220744027436,21.644107393012717,21.644107393012717,18.913600870594987,19.403394689057176,5.062321348966316,4.59163078943833,5.062321348966316,4.59163078943833,2.9172420611953895,2.9785681646470223,2.9785681646470223,3.002603537611377,3.0789378707068367,3.1997857389487656,3.1901521655393275,13.736844404753308,16.412105989936396
SEN_demand_CEL,2025-05-01,Labor Day,2.7670511919421714,2.0395663678510414,4,4,7.134638548295158,6.347221149640575,7.134638548295158,6.347221149640575,1.9428362524155152,3.3365131686513596,3.3365131686513596,3.8967698759073337,4.350017513437629,7.134638548295158,6.347221149640575,7.134638548295158,6.347221149640575,1.9428362524155152,3.3365131686513596,3.3365131686513596,3.8967698759073337,4.350017513437629,7.134638548295158,6.347221149640575,7.134638548295158,6.347221149640575
SEN_demand_CEL,2025-09-16,Independence Day,4.069574954818886,3.864708875841881,4,4,3.6844327885724693,3.5769950695498722,-2.885447228478725,-2.668532402718924,3.0543324118574824,3.8763101643306785,3.8763101643306785,3.5215821013147015,3.1845374326252465,3.6844327885724693,3.5769950695498722,-2.885447228478725,-2.668532402718924,3.0543324118574824,3.8763101643306785,3.8763101643306785,3.5215821013147015,3.1845374326252465,3.6844327885724693,3.5769950695498722,3.6844327885724693,3.5769950695498722
SEN_demand_CEL,2025-11-17,Mexican Revolution Day,1.3825998079721906,-1.202926685567322,4,4,8.963025151413715,11.821604957952275,-8.963025151413715,-11.821604957952275,3.5727999269961352,5.684859193028114,5.684859193028114,8.407145593231585,12.362250048705993,1.6512152839812781,1.7064753357344067,1.5024529638037718,1.6225351430876245,1.5178748581359833,1.5180541620171377,1.5180541620171377,2.0244276467855298,1.7805239325382434,1.6512152839812781,1.7064753357344067,8.963025151413715,11.821604957952275
SEN_demand_CEL,2025-12-24,Christmas Eve,2.502599430239965,2.023621303874432,4,4,4.131558280184684,3.2399475264668074,4.075260032391912,3.0967109160859096,3.1504402803220994,6.151438708500802,6.151438708500802,5.027145937630739,3.665741275397348,4.131558280184684,3.2399475264668074,4.075260032391912,3.0967109160859096,3.1504402803220994,6.151438708500802,6.151438708500802,5.027145937630739,3.665741275397348,4.131558280184684,3.2399475264668074,4.131558280184684,3.2399475264668074
SEN_demand_CEL,2025-12-25,Christmas Day,3.398776591163529,-3.3183424556142893,4,8,2.6500446524147905,2.7192554573925207,2.6500446524147905,2.7192554573925207,2.841459580946083,3.1503125580324416,3.1503125580324416,2.8167852992726736,2.9739763290327246,7.043538944019367,4.082384707524122,-6.038135387938886,-2.9751897897386557,19.71373924363311,8.917731173611118,8.917731173611118,13.110545663436048,19.501364379804716,9.38067309663343,8.950648332134401,2.6500446524147905,2.7192554573925207
SEN_demand_CEL,2025-12-31,New Year's Eve,1.8477123186439692,0.0023473497653407,4,4,3.952747301849879,3.171005040619951,3.952747301849879,3.171005040619951,2.7078378863558807,5.523535458706246,5.523535458706246,4.194215863698112,2.9533499237066128,3.952747301849879,3.171005040619951,3.952747301849879,3.171005040619951,2.7078378863558807,5.523535458706246,5.523535458706246,4.194215863698112,2.9533499237066128,3.952747301849879,3.171005040619951,3.952747301849879,3.171005040619951
SEN_demand_CEL,2026-01-01,New Year's Day,2.431506859347455,-2.2232533569522044,4,7,3.626575586324217,3.629636982605638,3.626575586324217,3.629636982605638,4.212811807104153,3.908490666360288,3.908490666360288,3.6475726099435426,3.8019705429220383,7.403401240802612,2.752432246361361,-5.886485013314598,2.6842148780216184,23.285797959808026,10.221034598511066,10.221034598511066,15.442273793470193,23.15169545093887,11.086009199348675,10.622497688670231,3.626575586324217,3.629636982605638
SEN_demand_CEL,2026-02-02,Constitution Day,1.994966941587047,-0.0286882643875595,5,5,6.0114098457916,7.844429603472135,-5.805751816895875,-7.743767983595668,2.4147026580453343,6.8426958634552335,6.8426958634552335,9.201894304844714,13.3816897418862,3.4406866705430112,3.45239434283479,3.4107056712627326,3.4135521752979012,2.996226798174703,3.154270747915525,3.154270747915525,3.5379730514243914,3.3315234363255257,3.6500556631144474,3.5162011496598744,8.313366401670905,10.584707124861715
SEN_demand_CEL,2026-03-16,Benito Juarez's Birthday,1.603610003116821,1.3425583510727617,5,5,3.390575459921537,4.253113984476031,-3.1675157880391946,-3.8152068667015975,3.83025062815913,2.918986465857525,2.918986465857525,4.368187045270266,5.125630286458396,4.920822000857268,5.163815898697091,4.920822000857268,5.145964414553457,5.434920160330364,4.55600597391486,4.55600597391486,5.187814493292023,5.306910096761732,5.449242927903469,5.643231647054622,4.66132254297188,6.077648362480314
SEN_demand_CEL,2026-04-02,Maundy Thursday,0.8383066437605556,0.0052885629658848,5,5,2.8302357093692336,3.953164994562059,-0.732800066594406,-2.788256211540318,12.660658242772696,10.56007441720663,10.56007441720663,6.0485704878138264,8.978053473317352,4.0076260977602045,3.36375419233339,4.0076260977602045,3.36375419233339,2.1418196700104075,2.75591504531679,2.75591504531679,2.274144999113426,2.3361174913374696,3.03083308297771,2.8684313294466897,2.5923004388436097,3.6513126007769414
SEN_demand_CEL,2026-04-03,Good Friday,1.1598598810393246,-0.3786723007360901,5,5,12.344020089356592,14.812998168192316,-12.195616753550444,-14.472966184080287,23.233236767391872,21.53203840764121,21.53203840764121,19.005376931459146,19.774445684266098,5.054344547990463,4.5980007365244555,5.054344547990463,4.5980007365244555,1.9024920103491862,3.133418026972921,3.133418026972921,3.0956129730853843,3.1078380448189535,4.467226104747145,3.9498998141143034,12.578881526654422,16.863249831680562
SEN_demand_CEL,2026-04-04,Holy Saturday,1.7526440137284014,0.7582689764035716,5,10,9.988094630235267,15.364884372440573,-9.988094630235267,-15.364884372440573,21.963459947955755,19.63192183195631,19.63192183195631,18.209576012117733,17.30038371595687,5.865446313047946,5.452208279317515,5.759667139025166,5.329034384629246,3.5063704221950345,2.8910609805886565,2.8910609805886565,3.4310169396108385,3.477686796717807,3.719696682256106,3.8552049064161635,11.482559863622113,16.33263404419872
SEN_demand_CEL,2026-05-01,Labor Day,2.155916368977905,-0.6975432208359343,5,5,10.046235433148752,8.777233634193138,10.046235433148752,8.777233634193138,4.596942397128614,4.112755858405138,4.112755858405138,6.6480958648780755,5.0379721183332835,10.046235433148752,8.777233634193138,10.046235433148752,8.777233634193138,4.596942397128614,4.112755858405138,4.112755858405138,6.6480958648780755,5.0379721183332835,7.3883752527567585,6.907602876263209,7.3883752527567585,6.907602876263209
SEN_demand_NES,2025-01-01,New Year's Day,3.827222321596659,-3.821682080920368,3,5,1.8363976719459991,1.7989263471193861,-1.4769024239259274,-1.1279063986897193,1.5690746929643329,1.716829135129279,1.716829135129279,1.8363976719459991,1.7989263471193861,10.516073715493684,4.923958239114335,-10.516073715493684,-4.923958239114335,31.542554561568977,16.036883287222157,16.036883287222157,10.565930556013072,1.856159259299939,11.928410812633663,8.827587293250067,,
SEN_demand_NES,2025-02-03,Constitution Day,4.038593134237953,0.8439762448118832,4,4,13.686516402095904,13.918392906674248,-13.686516402095904,-13.84468051053714,14.323643870551999,24.67617518446379,24.67617518446379,21.023213168647217,15.995546352833342,4.032418971624572,4.150155272492077,3.685702789184321,3.8305766724163512,3.618819302274181,2.2068994393937937,2.2068994393937937,2.920353570262442,3.36215193496529,4.032418971624572,4.150155272492077,13.686516402095904,13.918392906674248
SEN_demand_NES,2025-03-17,Benito Juarez's Birthday,5.687494279452342,1.4988343124398191,4,4,17.737998026121723,19.74185267115944,-17.737998026121723,-19.74185267115944,10.167522448251939,15.204994364781035,15.204994364781035,17.53750591050586,18.995527819827938,4.6185398636437,4.652853416156188,-0.8426751623525236,-0.4155983544370438,6.416265271354686,6.700058523648501,6.700058523648501,5.018226757883849,5.655975395890671,4.6185398636437,4.652853416156188,17.737998026121723,19.74185267115944
SEN_demand_NES,2025-04-17,Maundy Thursday,15.967617591591912,15.967617591591912,4,4,9.298262067404453,10.74979298710394,9.298262067404453,10.74979298710394,15.820871633783304,4.808934195463152,4.808934195463152,4.053573593333447,6.587106832888719,19.42648538393879,19.459554088030092,19.42648538393879,19.459554088030092,16.860314938625294,17.224454808791265,17.224454808791265,19.44804996479947,19.907200326191518,19.42648538393879,19.459554088030092,9.298262067404453,10.74979298710394
SEN_demand_NES,2025-04-18,Good Friday,7.705110229429674,6.533856962183957,4,4,7.868578402771727,11.95665704278734,7.868578402771727,11.95665704278734,19.8880531753976,10.24427783372389,10.24427783372389,4.630259079125449,5.237677162495447,23.189023368257534,23.872487109729708,23.189023368257534,23.872487109729708,20.207631428439175,22.72683216176703,22.72683216176703,24.42242601656535,25.28645226927954,23.189023368257534,23.872487109729708,7.868578402771727,11.95665704278734
SEN_demand_NES,2025-04-19,Holy Saturday,4.6159741683926105,3.857487377145728,4,8,5.401067405846837,6.386582000451838,0.3682065495414723,0.8319927565365081,22.074635530595554,16.48190077799119,16.48190077799119,9.204369717468653,11.033760348193079,24.241402012964244,25.801853535708982,24.241402012964244,25.801853535708982,14.390374602276102,15.733891008626424,15.733891008626424,20.545344653542998,17.393055342967983,22.32944162054638,22.31752235537606,5.401067405846837,6.386582000451838
SEN_demand_NES,2025-05-01,Labor Day,6.6893027827396345,6.6893027827396345,4,4,20.375882911081714,25.155773509981515,20.375882911081714,25.155773509981515,3.359370625717151,10.382408808247105,10.382408808247105,15.792044562941982,21.643140161315767,20.375882911081714,25.155773509981515,20.375882911081714,25.155773509981515,3.359370625717151,10.382408808247105,10.382408808247105,15.792044562941982,21.643140161315767,20.375882911081714,25.155773509981515,20.375882911081714,25.155773509981515
SEN_demand_NES,2025-09-16,Independence Day,14.602056787471945,14.602056787471945,4,4,3.5470306719257594,3.370874137253382,0.6670126330205202,0.9817963121505953,7.554518565821062,3.7093117847942474,3.7093117847942474,4.147498998378045,6.545052341284586,3.5470306719257594,3.370874137253382,0.6670126330205202,0.9817963121505953,7.554518565821062,3.7093117847942474,3.7093117847942474,4.147498998378045,6.545052341284586,3.5470306719257594,3.370874137253382,3.5470306719257594,3.370874137253382
SEN_demand_NES,2025-11-17,Mexican Revolution Day,4.7203243418363865,-3.452842624186779,4,4,4.710679056888145,5.491666292178984,-0.03889637957357358,-1.128070590926355,4.4175667273951476,3.9916987631873475,3.9916987631873475,4.142981575636639,5.493473925261546,9.07226053687702,11.563038441415339,9.07226053687702,11.563038441415339,2.8320720917156623,5.341322923344484,5.341322923344484,8.690524675013508,12.908608760363123,9.07226053687702,11.563038441415339,4.710679056888145,5.491666292178984
SEN_demand_NES,2025-12-24,Christmas Eve,2.6227251543248102,1.7739559357951586,4,4,10.079423603189127,9.793517602797655,10.079423603189127,9.793517602797655,7.991327318224368,10.959953304573327,10.959953304573327,10.536318669047034,9.581175821368861,10.079423603189127,9.793517602797655,10.079423603189127,9.793517602797655,7.991327318224368,10.959953304573327,10.959953304573327,10.536318669047034,9.581175821368861,10.079423603189127,9.793517602797655,10.079423603189127,9.793517602797655
SEN_demand_NES,2025-12-25,Christmas Day,3.751094028439992,-3.1704489055521816,4,8,6.749580788003274,7.061736622391578,6.749580788003274,7.061736622391578,5.241917684505066,6.6658858424005585,6.6658858424005585,7.336102627315964,7.6824227092783515,4.677602213126956,3.254928864813356,-0.2621153721447207,1.8592942591940964,14.095336280663895,5.558002890250894,5.558002890250894,8.20870386202858,12.363226459288844,5.486441015296495,5.044002618237067,6.749580788003274,7.061736622391578
SEN_demand_NES,2025-12-31,New Year's Eve,6.978627244204447,-6.719476162415014,4,4,5.298469038752175,5.003045936744182,2.53937076789829,2.093988934863085,5.627162311292012,5.581541723891953,5.581541723891953,5.743111298921111,5.692702733801902,5.298469038752175,5.003045936744182,2.53937076789829,2.093988934863085,5.627162311292012,5.581541723891953,5.581541723891953,5.743111298921111,5.692702733801902,5.298469038752175,5.003045936744182,5.298469038752175,5.003045936744182
SEN_demand_NES,2026-01-01,New Year's Day,23.22516798015344,-23.22516798015344,4,7,3.1364221087089477,3.105768628687064,-1.1069622807436292,-0.7412339572984109,2.6296137611228225,2.769550603514942,2.769550603514942,3.379647825860225,3.1434602966658267,11.347696190804415,4.599611711781564,-11.150821410866241,-4.525793249194295,25.189885424567397,12.865060267421141,12.865060267421141,18.994463178194685,25.189885424567397,14.500285208917878,13.323352344183126,3.1364221087089477,3.105768628687064
SEN_demand_NES,2026-02-02,Constitution Day,7.442057313057949,-7.442057313057949,5,5,8.25645785036111,9.420441382607008,-8.25645785036111,-6.767152078531683,6.3757367269578475,4.386712242810538,4.386712242810538,15.443278746314249,14.914124870044029,6.738729379612335,6.597017117475595,6.355023143825246,6.4697201084356974,6.563205915582922,6.0052172257657475,6.0052172257657475,5.424095380390415,5.8689070062057835,5.7967543204680725,5.891203613282586,13.25010507742027,10.940215996462783
SEN_demand_NES,2026-03-16,Benito Juarez's Birthday,17.51433174759152,-13.02121317990506,5,5,18.467377090891627,24.103221363491855,-16.259340786795516,-21.095211688432006,6.285803913847597,16.14987202103453,16.14987202103453,20.13421261599559,24.493400874614252,10.827855287842914,10.70002071013752,-0.9599046268720581,-0.6448262617726467,11.502362422377038,9.642478370100822,9.642478370100822,9.555853882229387,9.393781655437829,10.699999230788967,11.025891067907542,21.41268983638221,25.215551635461367
SEN_demand_NES,2026-04-02,Maundy Thursday,7.166985132792419,7.166985132792419,5,5,12.208733105819293,16.79550717548455,12.208733105819293,16.79550717548455,13.50299033272413,5.125689710360386,5.125689710360386,2.8553602057448164,3.433477675348348,18.174698393020083,20.62810323247784,18.174698393020083,20.62810323247784,3.1008983748730135,11.27321931528765,11.27321931528765,14.2386451722452,17.202973640385633,17.250469478593796,19.807518570931293,10.51908536251146,10.914225876963188
SEN_demand_NES,2026-04-03,Good Friday,2.4931774402504883,-1.7290177773996491,5,5,5.255743634379358,5.017147931891432,3.8828159386208654,4.545392047951227,23.43792057473961,9.734244809399522,9.734244809399522,9.110125569256212,11.19622941587217,20.11247988683188,23.909086466369114,20.11247988683188,23.909086466369114,2.939023912816726,11.772145596369294,11.772145596369294,16.746311679249704,21.653037864439725,19.85902281195298,24.192778622666705,5.037446021595614,6.81943174026843
SEN_demand_NES,2026-04-04,Holy Saturday,6.69552838405459,-6.69552838405459,5,10,4.616931274870801,6.8630970599037004,-2.510056242450519,-2.4680876301739794,34.942622231847245,18.705354931010607,18.705354931010607,18.85854676957207,19.164930446694992,17.940902253192366,20.923781927623292,17.940902253192366,20.923781927623292,7.690552321083321,3.2943875693559064,3.2943875693559064,6.23292760747177,6.907834258728001,7.909994999469002,9.761651601742393,7.795682080386818,10.828126435306908
SEN_demand_NES,2026-05-01,Labor Day,17.185652165871133,-17.185652165871133,5,5,14.154270531296476,19.412548374099234,14.07204846778531,19.412548374099234,6.026722048888952,7.06566364299465,7.06566364299465,8.334811841150083,5.870446241998052,14.154270531296476,19.412548374099234,14.07204846778531,19.412548374099234,6.026722048888952,7.06566364299465,7.06566364299465,8.334811841150083,5.870446241998052,10.299681230767332,9.736117365940826,10.299681230767332,9.736117365940826
SEN_demand_NOR,2025-01-01,New Year's Day,1.4564733576423246,-1.0065560979897203,3,5,2.0825065275853976,1.3701293275509734,1.9385496772010473,1.2076847251168001,1.3342092279446156,1.1679114745072652,1.1679114745072652,2.0825065275853976,1.3701293275509734,4.852688049690382,2.550318738077717,-2.1250583100949707,0.2525677820484316,15.490070894219594,7.975564839301856,7.975564839301856,5.600827590964056,2.0254937319461583,6.596996221534201,4.600140251912927,,
SEN_demand_NOR,2025-02-03,Constitution Day,1.124872584707902,0.2588030779714858,4,4,4.420868244950956,6.102746507738839,-4.245681926233589,-5.976650359138927,9.198190796812506,10.371365598756578,10.371365598756578,7.968115161737143,8.791686430579574,2.036568394504008,2.1121915541495,2.0314941194098104,2.0668994166684844,2.930023160396034,1.9762559742420296,1.9762559742420296,0.828798430012192,1.2136275536378385,2.036568394504008,2.1121915541495,4.420868244950956,6.102746507738839
SEN_demand_NOR,2025-03-17,Benito Juarez's Birthday,2.381623032546956,1.5535604681013415,4,4,4.5400700951224655,4.0241206471955175,-3.40590694205286,-2.332415485815081,4.706408324916102,6.105847995159082,6.105847995159082,4.991539058665606,4.774658525298583,2.3077668271736003,1.8992730073747974,1.4453848414549906,0.8629256972027942,1.9286858663365551,2.086590117283055,2.086590117283055,2.083668138861945,1.9286858663365551,2.3077668271736003,1.8992730073747974,4.5400700951224655,4.0241206471955175
SEN_demand_NOR,2025-04-17,Maundy Thursday,10.142207658127717,-9.427919603660934,4,4,13.809959553675064,11.504449852519501,13.809959553675064,11.504449852519501,7.705504274469466,8.729528346219334,8.729528346219334,9.97697852425931,8.570269240652062,24.293492270068068,23.57215809051306,24.293492270068068,23.57215809051306,22.193747626838928,23.518075988730825,23.518075988730825,22.879968303335374,22.3019118304034,24.293492270068068,23.57215809051306,13.809959553675064,11.504449852519501
SEN_demand_NOR,2025-04-18,Good Friday,10.393048668858132,-10.336720973019911,4,4,6.206484778816129,5.790448688195376,1.0547969428994801,-0.2118850350934058,12.279654855665191,11.437966556543545,11.437966556543545,7.776902006981458,10.454750108286499,16.99639826096781,16.649743348403387,16.99639826096781,16.649743348403387,15.014723288225454,16.654127507389607,16.654127507389607,15.362240421220287,15.030803586577207,16.99639826096781,16.649743348403387,6.206484778816129,5.790448688195376
SEN_demand_NOR,2025-04-19,Holy Saturday,5.402799137114374,-5.048838927027986,4,8,4.3113552057205675,8.18076500695459,-4.3113552057205675,-8.18076500695459,16.466022076023066,13.427471305368952,13.427471305368952,10.942517363310747,10.483971121155237,15.137694759237734,13.78448545443608,15.137694759237734,13.78448545443608,14.179494676207474,13.207779265594224,13.207779265594224,13.428168156520679,12.938352145889846,13.868257017070079,13.78448545443608,4.3113552057205675,8.18076500695459
SEN_demand_NOR,2025-05-01,Labor Day,3.49787728054847,-2.965287328941629,4,4,2.9422957711667728,2.4980058263394667,0.7072224381619234,0.7621264360789871,2.340175857294564,2.9524032906555733,2.9524032906555733,3.1953688041042176,3.0481956724557953,2.9422957711667728,2.4980058263394667,0.7072224381619234,0.7621264360789871,2.340175857294564,2.9524032906555733,2.9524032906555733,3.1953688041042176,3.0481956724557953,2.9422957711667728,2.4980058263394667,2.9422957711667728,2.4980058263394667
SEN_demand_NOR,2025-09-16,Independence Day,2.818071331978878,-1.5669225741205752,4,4,2.009261411653221,3.1923300329092696,0.742497356609379,1.5640582017726263,6.689687711609847,1.8039204068787427,1.8039204068787427,1.5847444501658507,3.171078003235538,2.009261411653221,3.1923300329092696,0.742497356609379,1.5640582017726263,6.689687711609847,1.8039204068787427,1.8039204068787427,1.5847444501658507,3.171078003235538,2.009261411653221,3.1923300329092696,2.009261411653221,3.1923300329092696
SEN_demand_NOR,2025-11-17,Mexican Revolution Day,2.6021905715251608,2.6021905715251608,4,4,4.341684290978951,3.7983690856027827,2.7765655237106217,1.9711348445022925,13.551820631868829,4.43955821377775,4.43955821377775,4.056740652489347,3.6639683752402026,10.663812690554133,10.332257104351728,10.663812690554133,10.332257104351728,19.212889687154714,12.774579028455156,12.774579028455156,9.473890404281654,6.45745517170901,10.663812690554133,10.332257104351728,4.341684290978951,3.7983690856027827
SEN_demand_NOR,2025-12-24,Christmas Eve,7.495697973592194,7.495697973592194,4,4,9.716300391962848,9.357697169256685,9.716300391962848,9.357697169256685,8.488333855210271,8.781154732824918,8.781154732824918,8.76523641511924,8.77125208167785,9.716300391962848,9.357697169256685,9.716300391962848,9.357697169256685,8.488333855210271,8.781154732824918,8.781154732824918,8.76523641511924,8.77125208167785,9.716300391962848,9.357697169256685,9.716300391962848,9.357697169256685
SEN_demand_NOR,2025-12-25,Christmas Day,3.5678848768034634,2.8448695467773764,4,8,11.921686956844036,11.385104445131391,11.921686956844036,11.385104445131391,11.062761104281302,10.261074820733922,10.261074820733922,10.477043270833107,10.503332770345812,7.747087035303603,8.48998809050789,7.707638113909861,8.48998809050789,8.303085471206817,5.598877542242825,5.598877542242825,5.4978279257374085,7.874662873766545,5.773971399183888,5.969126333544383,11.921686956844036,11.385104445131391
SEN_demand_NOR,2025-12-31,New Year's Eve,4.127859543275347,3.9288973571980255,4,4,13.053195998707503,12.918245248422195,13.053195998707503,12.918245248422195,10.683936673101861,13.003909097059434,13.003909097059434,12.086272614153708,11.479282235601355,13.053195998707503,12.918245248422195,13.053195998707503,12.918245248422195,10.683936673101861,13.003909097059434,13.003909097059434,12.086272614153708,11.479282235601355,13.053195998707503,12.918245248422195,13.053195998707503,12.918245248422195
SEN_demand_NOR,2026-01-01,New Year's Day,4.0970352348679695,-3.6509260643706423,4,7,11.554942276360935,10.941592965505203,11.554942276360935,10.941592965505203,10.249895611154663,10.784786056724897,10.784786056724897,10.287780757530273,10.459912867654676,7.096731923462843,9.980049795234722,7.096731923462843,9.980049795234722,9.15828391846679,4.775704851986444,4.775704851986444,5.514871454441376,8.459053386526271,5.338529327489437,5.467785302882679,11.554942276360935,10.941592965505203
SEN_demand_NOR,2026-02-02,Constitution Day,2.2709980266597958,0.6839003157859495,5,5,4.319744824793461,4.539303311098451,1.270163196230906,1.4616779385433414,6.398383051241621,3.9831936978246976,3.9831936978246976,4.309761232281151,5.680962365041549,6.385285552755822,5.038181636645538,6.385285552755822,5.038181636645538,4.8492864040060635,3.6802731820005348,3.6802731820005348,3.960132897708546,4.369667385086811,5.208251118061474,4.634418073540102,4.097682210302728,4.0710304656647045
SEN_demand_NOR,2026-03-16,Benito Juarez's Birthday,4.110354929519854,-2.058554424779892,5,5,11.601727132675464,12.215535511642,11.601727132675464,12.215535511642,16.726554729812605,12.095665511766265,12.095665511766265,9.170061492471158,8.646395945089475,14.884181027108104,14.174590031503078,14.884181027108104,14.174590031503078,13.932617757762364,13.545867064450988,13.545867064450988,12.82624729231022,12.707839493310615,14.584548111265784,13.545867064450988,10.481480743224989,10.098411544515235
SEN_demand_NOR,2026-04-02,Maundy Thursday,5.605746582999572,-5.605746582999572,5,5,22.095368761713804,23.239347260047342,22.095368761713804,23.239347260047342,14.577377683034541,18.634036441866115,18.634036441866115,20.03550657398679,21.861539567380785,19.600937658633967,22.470604880233783,19.600937658633967,22.470604880233783,2.3192020649439717,11.287436964044113,11.287436964044113,15.854514685199197,22.362917790090677,17.335272386263203,22.070231639772953,21.13193723529548,22.550443413714063
SEN_demand_NOR,2026-04-03,Good Friday,3.3337822157048365,1.581308970962543,5,5,15.37967912443032,15.462624579798927,15.37967912443032,15.462624579798927,10.18145532245184,12.573527239121509,12.573527239121509,12.633679796291295,13.249456923407104,19.25233345442054,20.619507445695394,19.25233345442054,20.619507445695394,6.525751614660261,13.53384846674642,13.53384846674642,16.90868815812522,20.60374100891003,17.31017985459789,19.559197976462965,14.024497869047797,14.228274986537173
SEN_demand_NOR,2026-04-04,Holy Saturday,5.345014550379818,5.261344787530032,5,10,15.758254833770474,14.540135931877083,15.758254833770474,14.540135931877083,10.892268895084607,12.304638819334988,12.304638819334988,12.570857986165157,12.610272486499307,21.642974624925643,21.522012176849938,21.642974624925643,21.522012176849938,11.688536435438678,11.225117353609257,11.225117353609257,15.262255779520762,12.601187718297718,16.85177268107518,17.080882604581827,14.179144249817762,13.575204209188195
SEN_demand_NOR,2026-05-01,Labor Day,6.562412814757003,-6.562412814757003,5,5,12.215730369040164,12.28360913888347,12.215730369040164,12.28360913888347,11.701177402356583,11.789793407381808,11.789793407381808,11.591681451960497,11.654670451165055,12.215730369040164,12.28360913888347,12.215730369040164,12.28360913888347,11.701177402356583,11.789793407381808,11.789793407381808,11.591681451960497,11.654670451165055,12.791813887050088,12.411750681811363,12.791813887050088,12.411750681811363
SEN_demand_NTE,2025-01-01,New Year's Day,19.30486180463515,-19.30486180463515,3,5,5.744304091928785,5.260220667980342,-5.744304091928785,-5.260220667980342,5.488366412910939,4.303921848578749,4.303921848578749,5.744304091928785,5.260220667980342,12.227638075177538,8.37983024895926,-12.227638075177538,-8.37983024895926,26.06933924137378,15.778852827142357,15.778852827142357,11.559060979510427,5.3667120602442795,13.128280449314708,11.52698525008669,,
SEN_demand_NTE,2025-02-03,Constitution Day,6.036580590038521,-6.036580590038521,4,4,6.98914478587124,11.14571060712332,-6.98914478587124,-11.14571060712332,10.16620216340518,14.62628893970588,14.62628893970588,13.796040217243728,13.446329820886975,3.808674794911615,2.3259842748751414,2.9833350080347856,0.3433692102800941,1.527355392136604,1.5172632216470863,1.5172632216470863,1.9644271987325872,1.9880266792706056,3.808674794911615,2.3259842748751414,6.98914478587124,11.14571060712332
SEN_demand_NTE,2025-03-17,Benito Juarez's Birthday,4.4043940896016895,-4.194079770386835,4,4,10.62632122649858,12.821530854208087,-10.62632122649858,-12.821530854208087,6.7119130710840915,10.603744845096477,10.603744845096477,12.36987127387175,15.980254549059831,2.710427720442008,2.28457051224682,-0.0022696116808900344,-0.004015760312331455,6.889754652177371,3.3065058047545794,3.3065058047545794,2.4814521394055973,2.3596978340370365,2.710427720442008,2.28457051224682,10.62632122649858,12.821530854208087
SEN_demand_NTE,2025-04-17,Maundy Thursday,2.1922413070063573,-0.0208890343815178,4,4,8.105113571238698,7.6446554182169395,8.105113571238698,7.6446554182169395,5.173183290444488,5.302573273640361,5.302573273640361,4.156258038266718,3.6982150908385543,14.69443142413323,13.989543399995148,14.69443142413323,13.989543399995148,13.443456889973282,11.99766915366188,11.99766915366188,12.843656072446924,12.990179824718433,14.69443142413323,13.989543399995148,8.105113571238698,7.6446554182169395
SEN_demand_NTE,2025-04-18,Good Friday,3.9714457423075022,-3.040768404301302,4,4,15.75921957477208,14.814246539057658,-15.717908331786333,-14.75015727932012,35.06071483219909,31.001002249239722,31.001002249239722,20.959380420121324,26.94128966628036,10.33574497922922,9.866840909384202,10.33574497922922,9.866840909384202,8.863047608073247,8.173015016991625,8.173015016991625,8.956275516480394,8.689824355542973,10.33574497922922,9.866840909384202,15.75921957477208,14.814246539057658
SEN_demand_NTE,2025-04-19,Holy Saturday,6.745861399815922,-6.745861399815922,4,8,10.205048990430127,14.18106355262393,-10.205048990430127,-14.18106355262393,27.596147363265235,23.930816673988115,23.930816673988115,18.65275815617103,20.265485984710992,10.922683408796066,10.808487726893416,10.922683408796066,10.808487726893416,14.377668198451255,10.905115414989297,10.905115414989297,10.509968160580831,10.292691948117595,9.160691274349889,8.40169170122575,10.205048990430127,14.18106355262393
SEN_demand_NTE,2025-05-01,Labor Day,3.0402261217027644,1.0671728554445616,4,4,9.05548269600783,11.488307304743545,9.05548269600783,11.488307304743545,2.964779450230278,4.406923405667135,4.406923405667135,7.5980190177818825,9.731457119988926,9.05548269600783,11.488307304743545,9.05548269600783,11.488307304743545,2.964779450230278,4.406923405667135,4.406923405667135,7.5980190177818825,9.731457119988926,9.05548269600783,11.488307304743545,9.05548269600783,11.488307304743545
SEN_demand_NTE,2025-09-16,Independence Day,8.655676392561515,8.655676392561515,4,4,4.060350021116829,5.3494881208504355,-3.992079685539999,-5.3494881208504355,4.970631558083415,5.438762225697545,5.438762225697545,7.975578943259549,8.908658407251641,4.060350021116829,5.3494881208504355,-3.992079685539999,-5.3494881208504355,4.970631558083415,5.438762225697545,5.438762225697545,7.975578943259549,8.908658407251641,4.060350021116829,5.3494881208504355,4.060350021116829,5.3494881208504355
SEN_demand_NTE,2025-11-17,Mexican Revolution Day,2.4783855932639622,-2.33811804357784,4,4,12.775885547543282,14.862763536155045,-12.775885547543282,-14.862763536155045,6.19103771109494,9.605550100981153,9.605550100981153,11.939992062292857,14.619920259225742,2.9674501963435076,3.6170142213471976,-1.5838813244344603,-1.111773460293357,6.315936950104138,1.5357193930054958,1.5357193930054958,1.9943143679474649,4.2196545015257,2.9674501963435076,3.6170142213471976,12.775885547543282,14.862763536155045
SEN_demand_NTE,2025-12-24,Christmas Eve,3.1907072030569807,-1.9233570818678176,4,4,2.8917649729372843,2.626931520442292,0.6242900311099461,1.2878644950167086,1.8578868107477653,3.1455447868527333,3.1455447868527333,3.1415919540469877,3.4426695082793324,2.8917649729372843,2.626931520442292,0.6242900311099461,1.2878644950167086,1.8578868107477653,3.1455447868527333,3.1455447868527333,3.1415919540469877,3.4426695082793324,2.8917649729372843,2.626931520442292,2.8917649729372843,2.626931520442292
SEN_demand_NTE,2025-12-25,Christmas Day,7.423828364428652,-7.423828364428652,4,8,3.433473971342264,3.4701211863984427,-3.4206488645145963,-3.2912082215626324,2.5812741863107718,3.362781895958994,3.362781895958994,2.3656688388096616,2.588284483873571,9.369463831763975,7.022818746600919,-9.177033675102834,-6.938158916686414,18.784492140512615,10.510907841071239,10.510907841071239,14.15953477710329,18.72742600314671,11.615765662929656,11.476068899645847,3.433473971342264,3.4701211863984427
SEN_demand_NTE,2025-12-31,New Year's Eve,5.327593851555579,1.5287162540861126,4,4,5.106778772382744,5.399949855851595,4.743850005135211,5.259456831123441,6.525893853871423,5.942724544351383,5.942724544351383,5.743130425734009,6.579292913803257,5.106778772382744,5.399949855851595,4.743850005135211,5.259456831123441,6.525893853871423,5.942724544351383,5.942724544351383,5.743130425734009,6.579292913803257,5.106778772382744,5.399949855851595,5.106778772382744,5.399949855851595
SEN_demand_NTE,2026-01-01,New Year's Day,11.966920245383337,-11.966920245383337,4,7,2.153076178392805,2.0170036006322785,-1.570472537529055,-1.4691239269375718,2.784917862023716,1.6487571913380084,1.6487571913380084,1.5996633523194514,1.632522534235114,9.322700381495622,5.86344317584562,-8.82401119419433,-5.172880034141138,19.81199220687701,9.504914455436795,9.504914455436795,13.95676468509454,19.681940874565807,11.17912790790399,11.387801128762014,2.153076178392805,2.0170036006322785
SEN_demand_NTE,2026-02-02,Constitution Day,4.349487932302909,3.155082048937935,5,5,6.804064159566657,11.830091534786925,-6.804064159566657,-11.830091534786925,5.1764517753104915,7.874665109167243,7.874665109167243,11.609226083000806,13.862978188555546,5.685202907933397,4.850545498282171,1.981833504805352,-0.4966585986927252,3.4118355503255757,3.849225913869796,3.849225913869796,4.301497627779874,4.35472236814832,4.807392278119605,4.745237748672364,11.375904794424633,13.501828693266354
SEN_demand_NTE,2026-03-16,Benito Juarez's Birthday,2.980269103584075,-0.9028739568199748,5,5,9.525053213406148,12.612981516229567,-9.493527004653725,-12.612981516229567,6.431510253452072,9.352622486873123,9.352622486873123,13.130561741056665,17.88762576654402,4.662861481264488,3.8786217700034915,-2.5106138132195936,-2.650926687390044,3.435321087968907,6.118191693882288,6.118191693882288,4.978419318059728,3.9618362760201387,4.968916712650262,4.4773110968763286,12.994333730273455,15.32241486263023
SEN_demand_NTE,2026-04-02,Maundy Thursday,2.923849949574288,-2.799600326264289,5,5,13.188047232819615,10.794795375209334,13.188047232819615,10.794795375209334,3.03981018283552,5.242500675069149,5.242500675069149,9.869223663738806,9.52934798590812,5.484965150280961,6.692833851134819,5.369371862885356,6.692833851134819,7.2143618612072045,2.1129418694757174,2.1129418694757174,2.8396233296577833,4.895826834811442,3.975821298707761,5.644663869628602,13.858603045285761,14.35040031100875
SEN_demand_NTE,2026-04-03,Good Friday,3.2598218932501357,1.6954760947362597,5,5,13.769420235698107,15.594183383517555,-11.512881175763873,-12.733920077074442,20.824563082039184,18.30707963293695,18.30707963293695,17.428707012934417,17.822508240856067,7.546897644687751,7.98293423101833,7.527813036777264,7.970264577009484,4.04438294261838,4.1140132627509995,4.1140132627509995,4.9794412330496725,6.697868146956336,6.082724071621169,7.2324000444153596,14.620924105159006,16.546216360643296
SEN_demand_NTE,2026-04-04,Holy Saturday,6.0854776521743945,5.865963844972662,5,10,4.934432390042143,10.248465382200104,-4.315840742790301,-10.248465382200104,14.651248564890858,13.055059775390049,13.055059775390049,12.228211371894304,11.784920168591958,9.060996181819473,9.329959092295596,9.060996181819473,9.329959092295596,6.242626557230409,2.7733171946123414,2.7733171946123414,5.921786338950443,6.063310097216777,6.283611075375695,6.159591807870342,6.450021031278887,11.016692775396029
SEN_demand_NTE,2026-05-01,Labor Day,7.02976251050639,-7.02976251050639,5,5,4.124979778449414,5.970817110328881,1.8870895916758725,4.47810968012158,5.730417272352743,7.320593933406504,7.320593933406504,5.2827576369403575,5.730417272352743,4.124979778449414,5.970817110328881,1.8870895916758725,4.47810968012158,5.730417272352743,7.320593933406504,7.320593933406504,5.2827576369403575,5.730417272352743,3.7701868062842663,3.8248690891725716,3.7701868062842663,3.8248690891725716
SEN_demand_OCC,2025-01-01,New Year's Day,4.687922880993837,-2.8014908123533577,3,5,3.4535171931936204,3.758274432536085,2.8321939530232876,2.5949948040021504,3.991785754219244,2.6395157506469964,2.6395157506469964,3.4535171931936204,3.758274432536085,10.209979881380901,3.3472816840105253,-7.180644970030984,1.2365158137017935,34.88253447093921,16.775068710865597,16.775068710865597,11.48990384409275,2.9301297672639968,12.873130226646984,8.684743483001208,,
SEN_demand_OCC,2025-02-03,Constitution Day,1.3972910749529934,0.9836886159340708,4,4,11.98136971491745,16.56208832146315,-11.98136971491745,-16.56208832146315,15.33013796143078,18.3337640365901,18.3337640365901,18.55690054328971,20.07269700260954,4.2734899564250375,3.937517871346614,3.764636512848248,3.2175896921251357,3.8917358996780513,2.355952152892672,2.355952152892672,3.1234609649360454,3.691808125965091,4.2734899564250375,3.937517871346614,11.98136971491745,16.56208832146315
SEN_demand_OCC,2025-03-17,Benito Juarez's Birthday,2.5892231266451806,-0.8147953296303997,4,4,16.54166635775866,19.84462056045007,-16.54166635775866,-19.84462056045007,7.465090707939862,15.739678272887089,15.739678272887089,17.890069527838843,22.203707677343118,3.118744846669808,3.128887301295652,-1.145871568645137,-1.2072237195660345,3.1173937320148384,2.1932367975379434,2.1932367975379434,2.5263718843732104,2.788055793824108,3.118744846669808,3.128887301295652,16.54166635775866,19.84462056045007
SEN_demand_OCC,2025-04-17,Maundy Thursday,3.198663299998362,-3.198663299998362,4,4,7.005701256861589,8.042595034492761,-2.3464030347415523,-2.847654825359122,18.078022675260357,13.236539988462697,13.236539988462697,9.684661248049473,10.273757097634213,7.49547860252443,6.350239224392806,7.49547860252443,6.350239224392806,4.082030463178149,2.363615015366226,2.363615015366226,4.233476867628138,4.082030463178149,7.49547860252443,6.350239224392806,7.005701256861589,8.042595034492761
SEN_demand_OCC,2025-04-18,Good Friday,2.549094910129588,-2.549094910129588,4,4,17.59528257407587,16.98966164854681,-17.59528257407587,-16.98966164854681,36.94692521670458,33.418415464477015,33.418415464477015,23.49568758372797,29.88990571224946,7.272676693365395,6.310591134979936,7.272676693365395,6.310591134979936,4.022090219634511,3.1898943280958654,3.1898943280958654,4.938775272530472,3.9779972058996376,7.272676693365395,6.310591134979936,17.59528257407587,16.98966164854681
SEN_demand_OCC,2025-04-19,Holy Saturday,1.5489230763505837,-1.4974351962413148,4,8,17.337837065487808,22.548927819746297,-17.337837065487808,-22.548927819746297,34.295081693221384,32.10111257377691,32.10111257377691,26.464968884950736,29.90517413219422,7.135468236920334,5.9467887747792885,7.135468236920334,5.9467887747792885,4.339926129078072,3.7820053524146755,3.7820053524146755,3.875500529964443,3.7996542340490613,3.7180900692887686,3.680128145751444,17.337837065487808,22.548927819746297
SEN_demand_OCC,2025-05-01,Labor Day,3.3940920485175154,-1.7460369884088192,4,4,13.82234442985657,13.083170163919448,13.82234442985657,13.083170163919448,3.3934209579736248,9.093654882349526,9.093654882349526,9.853253761937506,10.198385559723416,13.82234442985657,13.083170163919448,13.82234442985657,13.083170163919448,3.3934209579736248,9.093654882349526,9.093654882349526,9.853253761937506,10.198385559723416,13.82234442985657,13.083170163919448,13.82234442985657,13.083170163919448
SEN_demand_OCC,2025-09-16,Independence Day,4.345877882420219,4.123098442949384,4,4,2.4382864604960184,3.2387119608033976,0.3622392471377344,1.2803877091697915,2.0057843253853425,2.2215638798608204,2.2215638798608204,2.0096591099525276,1.9678079312084567,2.4382864604960184,3.2387119608033976,0.3622392471377344,1.2803877091697915,2.0057843253853425,2.2215638798608204,2.2215638798608204,2.0096591099525276,1.9678079312084567,2.4382864604960184,3.2387119608033976,2.4382864604960184,3.2387119608033976
SEN_demand_OCC,2025-11-17,Mexican Revolution Day,2.16801722186898,-0.410217921257772,4,4,10.569805785301927,12.569316499807522,-10.569805785301927,-12.569316499807522,5.2099220707777105,10.892783707115164,10.892783707115164,11.176986680218269,12.943090643836333,5.095196648368213,4.479389336186163,5.077892118143193,4.113074203213226,1.7182576502523332,1.8319542916661122,1.8319542916661122,4.812982430514007,2.4100760116527002,5.095196648368213,4.479389336186163,10.569805785301927,12.569316499807522
SEN_demand_OCC,2025-12-24,Christmas Eve,4.888611181713628,3.6976550853149006,4,4,6.901979710155061,5.8748168408391415,6.901979710155061,5.692363814571832,4.242360581531038,8.552453037193471,8.552453037193471,7.711541393003011,6.331848560721521,6.901979710155061,5.8748168408391415,6.901979710155061,5.692363814571832,4.242360581531038,8.552453037193471,8.552453037193471,7.711541393003011,6.331848560721521,6.901979710155061,5.8748168408391415,6.901979710155061,5.8748168408391415
SEN_demand_OCC,2025-12-25,Christmas Day,4.271589751657955,-4.162966673090048,4,8,6.600757258728424,6.928036905919032,5.930747415826905,6.330478713695204,4.269755600952444,5.335085601745246,5.335085601745246,6.3367585715432,6.501136853430029,8.843172614639302,7.041324010599332,-3.0315533841890137,0.2582310257932486,21.53629692723331,10.11413084469109,10.11413084469109,14.33035625006067,20.51112635500797,11.026710702133114,11.001987264371117,6.600757258728424,6.928036905919032
SEN_demand_OCC,2025-12-31,New Year's Eve,3.916698511032328,3.7432305053805774,4,4,8.09335964575398,6.953097437878505,8.09335964575398,6.953097437878505,4.816596403153579,9.745997658726978,9.745997658726978,8.109200185354181,5.914023110844211,8.09335964575398,6.953097437878505,8.09335964575398,6.953097437878505,4.816596403153579,9.745997658726978,9.745997658726978,8.109200185354181,5.914023110844211,8.09335964575398,6.953097437878505,8.09335964575398,6.953097437878505
SEN_demand_OCC,2026-01-01,New Year's Day,7.04205886767988,-7.04205886767988,4,7,5.784525352092648,5.727516905754359,5.606820498087848,5.5178511803648,3.5826131707189943,5.5026254500897736,5.5026254500897736,5.064209058117575,4.9859315082600455,10.845458252653941,4.996112815884288,-5.946245209928963,3.6500472156636836,30.47767750213801,14.751794914427299,14.751794914427299,20.735541663109036,30.290783763788497,15.12228259294468,15.160786417507367,5.784525352092648,5.727516905754359
SEN_demand_OCC,2026-02-02,Constitution Day,1.984712248174864,-0.3193334306384217,5,5,8.334524453066615,11.769788262627145,-8.221740057595627,-11.769788262627145,4.735543224382306,9.94672509320015,9.94672509320015,13.732775950695943,20.756217165001686,5.812157197749552,5.552067236202163,4.847339318203985,4.664017155459095,2.511435721861708,3.973886024663443,3.973886024663443,4.011964041323126,3.863693021238958,4.719720445752909,4.894150456221634,12.58435141655724,16.263002713814416
SEN_demand_OCC,2026-03-16,Benito Juarez's Birthday,1.1299526189368707,-0.6651445502778364,5,5,6.724299469240502,9.808376455268546,-6.21963047971699,-9.77115815853462,7.611975915442152,6.101391047859313,6.101391047859313,9.753049477570494,15.34145235744469,5.7959385323746355,5.789655880965612,5.613180298681595,5.309665489306028,6.483684586655531,5.021928998865416,5.021928998865416,5.179714966980601,4.982831700502087,5.247477497800202,5.354678715214518,9.591142932961723,13.06012421062332
SEN_demand_OCC,2026-04-02,Maundy Thursday,1.7182170514248707,0.0370143029506631,5,5,4.938799079166788,6.301766319723911,2.7055552992759058,3.825427399098173,12.21329527303025,11.37107743212872,11.37107743212872,6.360822836519482,10.769715790781396,6.204063729110733,4.350069351946954,6.195631027665886,4.298165677026305,1.4311703087404615,2.79547715814172,2.79547715814172,2.9908731062853064,2.595429435344277,4.24755341417985,3.3776067214436254,3.955920408843846,4.3205986708258814
SEN_demand_OCC,2026-04-03,Good Friday,3.427614862134492,-2.6955107885686798,5,5,17.966265236021076,24.27780749824596,-17.574809629463086,-22.86918149722871,31.763410566364872,30.540626494947492,30.540626494947492,28.067390396177487,29.42236954663693,6.745212442799317,5.16238463320761,6.1287032014678955,4.312597250673068,2.08270473273562,3.3516200572454125,3.3516200572454125,3.8549980374095205,4.453066666005932,5.193327848867597,4.728364448654705,19.946864219142636,26.14577552193282
SEN_demand_OCC,2026-04-04,Holy Saturday,2.2958582445405145,0.0955429892190659,5,10,14.49422675943965,24.42377502465149,-14.49422675943965,-24.42377502465149,27.668857721972188,26.321025953895372,26.321025953895372,26.076801285831262,25.407038401550437,6.3919088181387425,5.552812239951291,6.3919088181387425,5.552812239951291,2.0942335055814816,1.4897811183133374,1.4897811183133374,2.3334703425324648,2.647650063251415,2.8419932791848566,2.9039869698206977,17.617322525553178,24.915406713100964
SEN_demand_OCC,2026-05-01,Labor Day,4.302058787567056,-4.188448894303409,5,5,12.497050136582752,11.66913879185188,12.497050136582752,11.66913879185188,2.650699703371194,3.6986593921127593,3.6986593921127593,7.59426921286416,5.060727911991901,12.497050136582752,11.66913879185188,12.497050136582752,11.66913879185188,2.650699703371194,3.6986593921127593,3.6986593921127593,7.59426921286416,5.060727911991901,8.900949207733632,8.332728756248848,8.900949207733632,8.332728756248848
SEN_demand_ORI,2025-01-01,New Year's Day,1.32737985920111,-0.2174981766826395,3,5,11.145732568032031,12.71451789828213,11.145732568032031,12.71451789828213,13.744270593653143,9.771126250722928,9.771126250722928,11.145732568032031,12.71451789828213,5.947465542770161,7.52133189250909,5.947465542770161,7.52133189250909,11.484351314534406,5.720298403790349,5.720298403790349,4.720289255450673,6.87242883475453,4.920827375100266,4.824422172954411,,
SEN_demand_ORI,2025-02-03,Constitution Day,1.850055341495384,-0.7267536797016639,4,4,2.997938534477585,5.136027763194041,-1.9849883974939952,-3.5116925272670336,10.453558336214284,9.648210062132753,9.648210062132753,6.619366808172777,9.084730501120438,4.707518056611778,4.385691693903642,4.707518056611778,4.385691693903642,3.317433289578139,1.7319467920174694,1.7319467920174694,2.7557518994396943,2.8441643726308246,4.707518056611778,4.385691693903642,2.997938534477585,5.136027763194041
SEN_demand_ORI,2025-03-17,Benito Juarez's Birthday,11.254765722199656,-11.254765722199656,4,4,10.925533210015715,11.422995736119859,-10.925533210015715,-11.422995736119859,14.429696038529032,13.90047524688915,13.90047524688915,13.224346094678182,12.43841427707332,2.0434988077115057,2.1649380731541576,-0.9463384607583497,-1.0155792882143393,12.962941072510008,1.951121327994817,1.951121327994817,2.040906143888058,2.3392278029040336,2.0434988077115057,2.1649380731541576,10.925533210015715,11.422995736119859
SEN_demand_ORI,2025-04-17,Maundy Thursday,2.6509353373173306,0.054173554017068,4,4,1.0693174542518578,2.0350997686981778,0.4663202046941282,1.6175595386444186,11.691491020467643,4.247238453557949,4.247238453557949,2.945408887623003,2.6316414800120804,4.198668779237365,4.971009469540318,3.8877553600486507,4.895437763855111,4.536764327413026,3.0250800187937927,3.0250800187937927,3.6460631134833132,4.500870286163969,4.198668779237365,4.971009469540318,1.0693174542518578,2.0350997686981778
SEN_demand_ORI,2025-04-18,Good Friday,10.34447136638966,10.34447136638966,4,4,2.923770913420588,2.042428960188706,-2.577816621085383,-0.031156626969778372,17.798170121605143,10.695012292669185,10.695012292669185,5.525067154425229,5.358972872751622,9.683930830817959,10.502885773692704,9.683930830817959,10.502885773692704,12.334509513463706,7.302242536831339,7.302242536831339,9.92712611211759,12.196980326072703,9.683930830817959,10.502885773692704,2.923770913420588,2.042428960188706
SEN_demand_ORI,2025-04-19,Holy Saturday,1.908676658250692,1.1014945762353447,4,8,2.3699499149578322,2.8644922422155936,0.15742712801170675,0.9694835355953638,14.400082893670907,9.405675618427793,9.405675618427793,4.651616529870249,4.626352442625005,11.65537642012655,10.8419906996899,11.65537642012655,10.8419906996899,6.609181678446504,8.367101008300837,8.367101008300837,8.957732036424732,8.658855768003678,8.417698722810487,8.4681055701426,2.3699499149578322,2.8644922422155936
SEN_demand_ORI,2025-05-01,Labor Day,1.3428613789399042,-0.5374854067938467,4,4,11.638090069440011,13.212630633653257,11.638090069440011,13.212630633653257,3.0728081015575253,6.964672525683556,6.964672525683556,7.809821046778548,9.28837795244165,11.638090069440011,13.212630633653257,11.638090069440011,13.212630633653257,3.0728081015575253,6.964672525683556,6.964672525683556,7.809821046778548,9.28837795244165,11.638090069440011,13.212630633653257,11.638090069440011,13.212630633653257
SEN_demand_ORI,2025-09-16,Independence Day,4.753995269130858,4.753995269130858,4,4,2.53785623364584,2.212654732510986,2.53785623364584,2.212654732510986,5.413780797279415,2.2482895455003757,2.2482895455003757,1.1233444833001458,1.1720587329420362,2.53785623364584,2.212654732510986,2.53785623364584,2.212654732510986,5.413780797279415,2.2482895455003757,2.2482895455003757,1.1233444833001458,1.1720587329420362,2.53785623364584,2.212654732510986,2.53785623364584,2.212654732510986
SEN_demand_ORI,2025-11-17,Mexican Revolution Day,1.75001212532994,1.6308712376732004,4,4,4.341066555603924,4.458967225623964,3.0959041622106303,3.364601427257257,2.666879745318927,3.220942328385929,3.220942328385929,3.7248764309567193,3.981548152678451,7.385345554182389,7.922786997189451,7.385345554182389,7.922786997189451,1.6024112894237443,4.094180886791989,4.094180886791989,6.741321024515451,6.649242546512002,7.385345554182389,7.922786997189451,4.341066555603924,4.458967225623964
SEN_demand_ORI,2025-12-24,Christmas Eve,8.469469859031449,0.4722145421600197,4,4,11.38246524376015,11.103436390916096,11.38246524376015,11.103436390916096,9.634126642612097,10.798598350105143,10.798598350105143,11.037392817761344,11.32423173789797,11.38246524376015,11.103436390916096,11.38246524376015,11.103436390916096,9.634126642612097,10.798598350105143,10.798598350105143,11.037392817761344,11.32423173789797,11.38246524376015,11.103436390916096,11.38246524376015,11.103436390916096
SEN_demand_ORI,2025-12-25,Christmas Day,6.3020044899631245,6.3020044899631245,4,8,13.136841393772665,11.966058764150711,13.136841393772665,11.966058764150711,11.559531930768777,10.17659457662465,10.17659457662465,10.908591583593983,11.1247134166936,7.702398313121374,8.2523642082614,7.702398313121374,8.2523642082614,8.51618189455686,4.721917608570436,4.721917608570436,4.879213239124412,7.073341146063434,4.311621323736495,4.126604392059843,13.136841393772665,11.966058764150711
SEN_demand_ORI,2025-12-31,New Year's Eve,3.507354542036531,-3.322025943573132,4,4,2.686481521160044,3.3698111876383323,-2.473683395610369,-2.9547068892394184,10.614456814443491,2.2743527026722017,2.2743527026722017,4.317529725144095,8.947046512913053,2.686481521160044,3.3698111876383323,-2.473683395610369,-2.9547068892394184,10.614456814443491,2.2743527026722017,2.2743527026722017,4.317529725144095,8.947046512913053,2.686481521160044,3.3698111876383323,2.686481521160044,3.3698111876383323
SEN_demand_ORI,2026-01-01,New Year's Day,6.130801000461987,-6.085049422568908,4,7,1.0609037726699546,2.0115177153285013,1.021431709089695,2.0007520698798222,8.036903359238996,0.8360747485208949,0.8360747485208949,1.1324833740936764,1.7919165990293908,5.706671817176329,5.400622045856487,-5.506126426487254,-4.083259565306565,22.73852235042467,15.387712854831834,15.387712854831834,14.860453682123387,16.934704943214186,9.427693443182354,10.828121418355204,1.0609037726699546,2.0115177153285013
SEN_demand_ORI,2026-02-02,Constitution Day,3.0150218339675496,-2.986862191641413,5,5,7.4524294028683755,7.218695450046991,-7.4524294028683755,-7.218695450046991,7.292705621262833,11.47171703808985,11.47171703808985,13.877976555564743,15.79536364762176,2.1165287921240874,2.9685088695168247,-1.844108784374982,-2.8095588689575255,5.847175856594375,5.275291589288391,5.275291589288391,5.117996374077301,5.142528258510229,3.7284152750283037,3.97604356373388,10.531670796746038,11.507029548834376
SEN_demand_ORI,2026-03-16,Benito Juarez's Birthday,3.517050310613168,2.44659388914846,5,5,2.8543818704417148,3.623013819674441,-1.8478628880900922,-0.8584829680306565,2.926676409183733,6.874882276301026,6.874882276301026,5.408683908925127,5.620721810162088,6.289710751051483,6.222606624985379,6.124271491651477,5.942334550438332,6.860811259425915,2.61656217461066,2.61656217461066,6.311852830365207,6.860811259425915,6.125115973247801,6.088427540713404,4.037222987974445,3.4622883839364422
SEN_demand_ORI,2026-04-02,Maundy Thursday,2.886633267440873,-2.7902325281233966,5,5,3.6373731003667484,4.038362246687921,-3.5204760147329037,-1.9336947328323817,16.705972896411083,15.67587579223563,15.67587579223563,10.723396377914057,14.545711087572416,5.320955153411283,5.533561151906842,-3.0029691680703827,-2.5123178389871867,6.241851180458443,5.112159561230111,5.112159561230111,5.833334187842986,6.279723981888694,5.649652697064293,5.133899984838663,4.706113327749523,7.682074318421665
SEN_demand_ORI,2026-04-03,Good Friday,19.3798161274333,19.3798161274333,5,5,7.108902961342768,8.557695193704621,-7.108902961342768,-8.440212306565474,20.509265243861403,16.796537056661307,16.796537056661307,14.642466292753165,14.814287259987346,3.9596559151423776,4.887423627833338,3.9422744154276104,4.321439782419156,4.114124067175889,2.32281407671262,2.32281407671262,1.6956878435916511,3.665232917703522,3.629549361522646,3.7722144716814845,8.278345894534782,11.62724978327641
SEN_demand_ORI,2026-04-04,Holy Saturday,1.4387277771632154,0.976345206741212,5,10,1.9003313506866437,3.7590625800671305,-0.4807635786499465,-1.9326022677896215,15.530305689788216,8.731453978788918,8.731453978788918,8.106070510063367,6.855303572612257,7.324196566799299,7.30468312908457,7.324196566799299,7.30468312908457,4.858224035523662,3.3535832009033943,3.3535832009033943,1.474780927203444,1.8254962455786214,1.7780125057619198,1.7749933065680592,2.5174378681353615,4.464446351393605
SEN_demand_ORI,2026-05-01,Labor Day,5.744755570282389,-5.744755570282389,5,5,13.326238453739998,13.277186411257077,13.326238453739998,13.277186411257077,4.431431627109299,2.9617493368614167,2.9617493368614167,8.864552633880573,4.431431627109299,13.326238453739998,13.277186411257077,13.326238453739998,13.277186411257077,4.431431627109299,2.9617493368614167,2.9617493368614167,8.864552633880573,4.431431627109299,10.025711856570277,8.838932436327534,10.025711856570277,8.838932436327534
SEN_demand_PEN,2025-01-01,New Year's Day,16.165188502020765,-16.165188502020765,3,5,18.430625733538047,18.651600923154398,18.430625733538047,18.651600923154398,28.685733485453124,18.32013813872987,18.32013813872987,18.430625733538047,18.651600923154398,17.368464430596443,15.68731122149658,17.368464430596443,15.68731122149658,17.406087000173486,23.045910242813306,23.045910242813306,18.015454425877742,17.406087000173486,17.047680307456954,15.814009707285484,,
SEN_demand_PEN,2025-02-03,Constitution Day,7.530665607324832,-6.1912961108874045,4,4,22.397725471483966,23.539650127811132,22.397725471483966,23.539650127811132,13.292836654165162,8.881874887499864,8.881874887499864,18.727611002214598,13.671231376330198,27.60641051715093,28.076940688435077,27.60641051715093,28.076940688435077,23.225504888993143,21.8975148042953,21.8975148042953,25.67252439643721,25.863970379348658,27.60641051715093,28.076940688435077,22.397725471483966,23.539650127811132
SEN_demand_PEN,2025-03-17,Benito Juarez's Birthday,21.11577936589138,-21.11577936589138,4,4,10.09841392311644,10.995313451107103,0.6237106859845056,2.1804833462953073,11.191109223941565,11.246103430942256,11.246103430942256,9.95312184782591,12.678907621979157,9.820181575096953,15.126928937917855,9.634761869341233,15.126928937917855,15.940290003790814,8.2809056073663,8.2809056073663,9.364702198974667,18.5514691448908,9.820181575096953,15.126928937917855,10.09841392311644,10.995313451107103
SEN_demand_PEN,2025-04-17,Maundy Thursday,8.540695094560478,8.540695094560478,4,4,2.6394412144796426,4.515349511869773,2.1316025048048366,3.850756087916261,15.532495174275544,5.513249917546676,5.513249917546676,3.155036536538104,4.153069030122115,5.22761384384481,5.44218969154803,4.154896480906729,4.353852952324279,10.546075516515643,7.628843790294677,7.628843790294677,5.70318757270033,7.040422317025668,5.22761384384481,5.44218969154803,2.6394412144796426,4.515349511869773
SEN_demand_PEN,2025-04-18,Good Friday,15.175570890618356,15.175570890618356,4,4,4.472687124500546,6.41051459297609,2.7798855116053645,5.643203894713628,18.212581280896597,6.19142228439738,6.19142228439738,4.80664479679275,5.005722246786157,14.821096374531473,17.423177945794937,14.821096374531473,17.423177945794937,14.743290219062425,6.720358030692059,6.720358030692059,12.888637971207467,14.743290219062425,14.821096374531473,17.423177945794937,4.472687124500546,6.41051459297609
SEN_demand_PEN,2025-04-19,Holy Saturday,12.359282267496406,12.359282267496406,4,8,6.269840490061317,8.342169620985807,6.269840490061317,7.361686764986263,13.11518102555582,5.142100876612686,5.142100876612686,5.275191501936293,7.27665490385641,19.51230195955655,18.55261761117559,19.51230195955655,18.55261761117559,8.384140330524039,11.639184170326876,11.639184170326876,11.482196582961828,11.174441148734493,10.313529931537905,10.200107390333201,6.269840490061317,8.342169620985807
SEN_demand_PEN,2025-05-01,Labor Day,3.63409321493986,-1.3641158282157206,4,4,18.14120412006594,20.32353385486857,18.14120412006594,20.32353385486857,5.54916090797651,8.684117445777813,8.684117445777813,11.699302267253545,16.535760126449603,18.14120412006594,20.32353385486857,18.14120412006594,20.32353385486857,5.54916090797651,8.684117445777813,8.684117445777813,11.699302267253545,16.535760126449603,18.14120412006594,20.32353385486857,18.14120412006594,20.32353385486857
SEN_demand_PEN,2025-09-16,Independence Day,3.5912924776322224,-3.235350136854516,4,4,3.789560944869065,4.14832056375252,-3.4945769934430673,-4.010881183816543,20.505043785534074,15.3197179619834,15.3197179619834,9.508935384389055,10.134392138432721,3.789560944869065,4.14832056375252,-3.4945769934430673,-4.010881183816543,20.505043785534074,15.3197179619834,15.3197179619834,9.508935384389055,10.134392138432721,3.789560944869065,4.14832056375252,3.789560944869065,4.14832056375252
SEN_demand_PEN,2025-11-17,Mexican Revolution Day,4.710737382018663,4.285568730310232,4,4,7.437282604686874,8.722523662950456,6.686250387964189,7.781189980405884,6.347120656961587,3.8165425137079434,3.8165425137079434,5.090579185017716,5.6148183006496035,9.849092565130237,11.942292462743085,9.849092565130237,11.942292462743085,9.09735856766106,2.299296272834921,2.299296272834921,7.327348503465106,6.470260175360536,9.849092565130237,11.942292462743085,7.437282604686874,8.722523662950456
SEN_demand_PEN,2025-12-24,Christmas Eve,5.171126700624999,-3.9736871696495295,4,4,24.453595292281534,23.7163789825499,24.453595292281534,23.7163789825499,20.596168201344085,19.780575598867838,19.780575598867838,23.870556602961177,21.230046604857222,24.453595292281534,23.7163789825499,24.453595292281534,23.7163789825499,20.596168201344085,19.780575598867838,19.780575598867838,23.870556602961177,21.230046604857222,24.453595292281534,23.7163789825499,24.453595292281534,23.7163789825499
SEN_demand_PEN,2025-12-25,Christmas Day,22.569457073868865,-22.569457073868865,4,8,18.91373932591004,19.377544239972078,18.91373932591004,19.377544239972078,11.59910505429835,7.598009178674165,7.598009178674165,14.028464761047985,11.59910505429835,15.840170201852084,16.325764564639698,15.840170201852084,16.325764564639698,10.535688761338955,8.43499636763288,8.43499636763288,8.307434280092684,10.03254031011341,7.602622022305759,7.804582009623213,18.91373932591004,19.377544239972078
SEN_demand_PEN,2025-12-31,New Year's Eve,18.5532448594312,-18.5532448594312,4,4,4.707813163071509,4.934154650389066,-1.1377262901152803,-1.3266212066058936,21.01506313187576,4.823927144249703,4.823927144249703,4.732346226567569,10.850256117894416,4.707813163071509,4.934154650389066,-1.1377262901152803,-1.3266212066058936,21.01506313187576,4.823927144249703,4.823927144249703,4.732346226567569,10.850256117894416,4.707813163071509,4.934154650389066,4.707813163071509,4.934154650389066
SEN_demand_PEN,2026-01-01,New Year's Day,29.787553442111715,-29.787553442111715,4,7,14.107910354787549,14.840093302537634,-14.107910354787549,-14.840093302537634,32.50654559120032,13.375727407037461,13.375727407037461,16.220681891023556,21.910590858995743,16.65549478632461,15.210627388461788,-16.65549478632461,-15.210627388461788,36.95051974901735,34.72853267010884,34.72853267010884,26.27384121319839,30.431906655772583,18.266608215617442,19.898182477575048,14.107910354787549,14.840093302537634
SEN_demand_PEN,2026-02-02,Constitution Day,12.662242876948278,-12.554172902181378,5,5,26.681605635815107,28.6157314982498,-26.681605635815107,-28.6157314982498,53.55275301745403,41.08424225785192,41.08424225785192,44.78690935895838,46.36759990903234,20.56557521711131,15.648153773495551,-20.56557521711131,-15.375878574927006,54.756077705468634,36.90650602892088,36.90650602892088,32.208647260802366,27.13704224583726,25.01191465216314,20.941934693434106,33.07013652923657,37.49166570364107
SEN_demand_PEN,2026-03-16,Benito Juarez's Birthday,5.808289654304666,4.239445704565245,5,5,10.27498959203824,14.495637260600375,10.27498959203824,14.495637260600375,5.928418341991666,5.552196261251825,5.552196261251825,4.143459554175251,4.036632415354204,17.977201746608664,21.6953538917512,17.977201746608664,21.6953538917512,10.784514066406237,4.6567211989377455,4.6567211989377455,13.438673815119273,10.784514066406237,17.04766371032303,19.14957782059773,7.59328367600727,6.962072798048382
SEN_demand_PEN,2026-04-02,Maundy Thursday,7.950209899097327,-7.950209899097327,5,5,4.968496656018106,4.663805803990844,-4.773108273138834,-1.9642919970980184,32.24632117208032,29.43582358922716,29.43582358922716,20.278646391850778,26.625326006374006,2.3417375594033643,2.842375774594497,-1.0510446437159817,-2.0327062798207343,5.607595794594445,7.48752838217289,7.48752838217289,8.638473634541091,9.42225157442774,4.747602916332372,5.727478927124238,9.581651909376516,14.294809001736011
SEN_demand_PEN,2026-04-03,Good Friday,4.024624264731679,-0.8869057539743243,5,5,13.487157808168002,16.940776104972517,-13.487157808168002,-16.940776104972517,43.44741631967471,40.57830540808321,40.57830540808321,32.69912897371298,37.57705265217353,5.607821279963112,5.3434409987406895,1.193561573495738,4.30514330869578,12.063381342503256,3.858710697778305,3.858710697778305,7.041008098520154,10.10210508391733,5.306655617091336,4.233271443440591,18.62382987028703,27.25891437857302
SEN_demand_PEN,2026-04-04,Holy Saturday,15.3009681880211,15.3009681880211,5,10,5.350674266786321,10.040235996683355,-2.9019324444427226,-9.661239800432378,34.842881972292275,23.814588523659314,23.814588523659314,19.68045126858585,14.537232033032888,8.410244675333784,5.5371416929000175,8.410244675333784,5.5371416929000175,10.455748645958046,9.370621453450319,9.370621453450319,5.956331470931038,7.988786574074315,2.5678098609954163,3.645993037593439,7.9940549292004635,12.099235916732633
SEN_demand_PEN,2026-05-01,Labor Day,4.042930198602664,4.042930198602664,5,5,23.503552686065458,25.32233735742571,23.503552686065458,25.32233735742571,10.538397202169625,8.046729671853285,8.046729671853285,15.69573163888046,10.538397202169625,23.503552686065458,25.32233735742571,23.503552686065458,25.32233735742571,10.538397202169625,8.046729671853285,8.046729671853285,15.69573163888046,10.538397202169625,18.366471074578175,17.930367279797665,18.366471074578175,17.930367279797665
SEN_demand_SIN,2025-01-01,New Year's Day,1.823629820189872,-0.5872657150120468,3,5,3.3053671334380694,3.3244266558563873,3.3053671334380694,3.2846667907451192,4.8662911545248635,3.122602712298743,3.122602712298743,3.3053671334380694,3.3244266558563873,6.639562278663079,2.2943163966348004,-3.9762279100402282,1.8157207894045904,23.296840926047746,11.006642017623363,11.006642017623363,7.462871684434364,2.1654503852281866,8.55463522156147,6.242462904167721,,
SEN_demand_SIN,2025-02-03,Constitution Day,1.2099802923884289,-0.1776118627751092,4,4,7.251762480900467,9.457691118391365,-7.093149029700789,-9.457691118391365,10.26316090971107,14.195752942061459,14.195752942061459,12.347909070398197,11.624947509104834,4.502562961948963,4.334618738759889,4.502562961948963,4.334618738759889,2.8018310050247153,2.274638136482784,2.274638136482784,3.159085894550883,3.4344389501788997,4.502562961948963,4.334618738759889,7.251762480900467,9.457691118391365
SEN_demand_SIN,2025-03-17,Benito Juarez's Birthday,3.424726320564741,-3.424726320564741,4,4,12.48489199402153,14.873409317742384,-12.48489199402153,-14.873409317742384,6.3747259672213135,12.217814174063415,12.217814174063415,13.395278404381768,16.06903171809554,2.2190967171335347,2.825087537564743,0.011708173453900517,0.9768387195951077,5.03723340548305,1.9679975135652128,1.9679975135652128,1.990767084778606,2.5639248412271445,2.2190967171335347,2.825087537564743,12.48489199402153,14.873409317742384
SEN_demand_SIN,2025-04-17,Maundy Thursday,2.928287137811328,2.9133832032427214,4,4,3.493417212711027,4.020290084557906,2.2108347925486425,2.5953421247793305,12.532921660911029,7.283937679173877,7.283937679173877,3.9347983757826057,2.3101275236936014,10.260736298890695,10.022432737676247,10.260736298890695,10.022432737676247,8.142319790810332,6.859747156939842,6.859747156939842,8.615738068968012,8.142319790810332,10.260736298890695,10.022432737676247,3.493417212711027,4.020290084557906
SEN_demand_SIN,2025-04-18,Good Friday,5.157103462299253,5.157103462299253,4,4,6.669738222964203,5.377715124528514,-6.332336138088405,-4.142765032612636,24.856757954006255,19.11540628949321,19.11540628949321,10.846769703980598,13.57934496892696,11.886086836000336,11.936327336128558,11.886086836000336,11.936327336128558,10.550934588449953,9.40695895791166,9.40695895791166,11.229356018121129,10.639905347640417,11.886086836000336,11.936327336128558,6.669738222964203,5.377715124528514
SEN_demand_SIN,2025-04-19,Holy Saturday,1.931073995876168,1.665840032185517,4,8,6.990589077600021,8.788503360950338,-6.990589077600021,-8.788503360950338,23.140318454949952,19.20570068836608,19.20570068836608,13.572441725616878,15.2710829217822,12.578402027323273,12.359236131026817,12.578402027323273,12.359236131026817,8.33337280853056,8.658766939507132,8.658766939507132,9.689166245666504,9.81180835432599,9.758200982885635,9.894893705690189,6.990589077600021,8.788503360950338
SEN_demand_SIN,2025-05-01,Labor Day,4.132028428190376,4.132028428190376,4,4,12.456349898577328,14.004757704648236,12.456349898577328,14.004757704648236,1.216785758095029,6.859594646471731,6.859594646471731,8.98330059235603,11.387792659916379,12.456349898577328,14.004757704648236,12.456349898577328,14.004757704648236,1.216785758095029,6.859594646471731,6.859594646471731,8.98330059235603,11.387792659916379,12.456349898577328,14.004757704648236,12.456349898577328,14.004757704648236
SEN_demand_SIN,2025-09-16,Independence Day,8.92782719001965,8.92782719001965,4,4,1.7694427489528468,1.4925066801323101,-0.26267352744261857,-0.5579714253418411,0.8921755910997454,2.626646825261719,2.626646825261719,2.5797093370646316,2.3109431569530945,1.7694427489528468,1.4925066801323101,-0.26267352744261857,-0.5579714253418411,0.8921755910997454,2.626646825261719,2.626646825261719,2.5797093370646316,2.3109431569530945,1.7694427489528468,1.4925066801323101,1.7694427489528468,1.4925066801323101
SEN_demand_SIN,2025-11-17,Mexican Revolution Day,1.8074496765326409,0.0141181533311003,4,4,5.009505631546393,6.40904319664348,-3.9266240778136345,-5.53844118842468,4.09863325847985,5.085947962358348,5.085947962358348,5.426685402172992,7.072515245386017,5.779333524136988,6.184530390773737,5.779333524136988,6.184530390773737,1.5087583880070532,3.1655416432195,3.1655416432195,5.477350068891574,5.683776891674239,5.779333524136988,6.184530390773737,5.009505631546393,6.40904319664348
SEN_demand_SIN,2025-12-24,Christmas Eve,3.1981009448251547,3.1285324161551107,4,4,8.419397195746768,7.864348486808662,8.419397195746768,7.864348486808662,6.566924583241963,9.110482741292275,9.110482741292275,8.885658693363071,8.22465705380222,8.419397195746768,7.864348486808662,8.419397195746768,7.864348486808662,6.566924583241963,9.110482741292275,9.110482741292275,8.885658693363071,8.22465705380222,8.419397195746768,7.864348486808662,8.419397195746768,7.864348486808662
SEN_demand_SIN,2025-12-25,Christmas Day,3.061471256992464,-2.105153056548916,4,8,7.378465013824811,7.322771990184588,7.378465013824811,7.322771990184588,6.040088323437021,5.781762131197535,5.781762131197535,6.796594328758438,6.3363328787490945,5.209995467839231,4.6186436853241375,0.49656428986673845,3.084793589157414,14.887496637042219,6.3750528538364035,6.3750528538364035,9.306046876329182,14.451369710104393,6.724962631980077,6.670817317627626,7.378465013824811,7.322771990184588
SEN_demand_SIN,2025-12-31,New Year's Eve,1.6075522252288803,0.8117001084450184,4,4,4.2351235897615,3.2982665436131557,4.2351235897615,3.2368460279048388,1.69679789685349,5.533033397829937,5.533033397829937,3.8584535810933382,1.9076915727498047,4.2351235897615,3.2982665436131557,4.2351235897615,3.2368460279048388,1.69679789685349,5.533033397829937,5.533033397829937,3.8584535810933382,1.9076915727498047,4.2351235897615,3.2982665436131557,4.2351235897615,3.2982665436131557
SEN_demand_SIN,2026-01-01,New Year's Day,7.61653977882673,-7.61653977882673,4,7,2.4613088726425865,2.552674444325065,2.2542382006967636,2.2261638304685203,0.7158753847071196,2.247349766153919,2.247349766153919,2.0639561593424354,1.9866871046048924,7.911500050789595,1.7911738737742564,-6.295776911481634,0.5596726703240105,22.78517738609428,11.472875912443504,11.472875912443504,15.379593419815992,22.189211820356586,11.109220429361677,11.58205681895268,2.4613088726425865,2.552674444325065
SEN_demand_SIN,2026-02-02,Constitution Day,2.324748826093245,-2.324748826093245,5,5,7.3967966499425515,8.477310872726871,-7.3967966499425515,-8.477310872726871,2.617216161293199,8.822519075471101,8.822519075471101,13.237562429483978,16.479341518041096,3.4649591968077225,2.9845356275412627,2.654631469709212,2.5035938753987463,2.117307244044896,1.5085728121466466,1.5085728121466466,2.040751208206104,2.125428258418112,2.491847488520202,2.3192894837493414,11.193577803389005,12.478326195383985
SEN_demand_SIN,2026-03-16,Benito Juarez's Birthday,2.4063865501208475,1.4006696440036963,5,5,4.922325560057587,7.5863104784412485,-4.1073327897670096,-7.374116934476632,3.2561064778822826,5.203803229924039,5.203803229924039,7.306306687971613,10.117435019880205,5.511196088509369,6.284351212721941,5.511196088509369,6.265202087579197,5.531771934698113,3.200289357309922,3.200289357309922,4.870267887956322,5.268489000113165,5.200476821703666,5.726807180123724,6.835465164349241,8.913965542734754
SEN_demand_SIN,2026-04-02,Maundy Thursday,1.0563660858358868,0.3102760250762429,5,5,7.218461107993579,9.053371627136832,7.218461107993579,9.053371627136832,8.450190548888076,5.562537837488368,5.562537837488368,2.2291381594958257,4.048300949346623,9.303144089194314,9.237235776536478,9.303144089194314,9.237235776536478,1.187944855654463,5.2125903160954685,5.2125903160954685,5.709724313965988,6.7039923097070195,7.576612499869841,7.970614043121748,6.339919154289177,4.8152084057163975
SEN_demand_SIN,2026-04-03,Good Friday,1.9898681872939117,1.0482942195921614,5,5,7.833101808034232,11.297969353529917,-4.770657030923422,-7.5370826959457355,20.27338403922889,15.709218929792646,15.709218929792646,13.698449578733387,12.918648617506774,11.168503504767875,12.269729742385737,11.168503504767875,12.269729742385737,1.9702357488086404,7.02265122703293,7.02265122703293,7.995637975931669,9.855427616511884,10.102116900821564,11.069346806809229,8.709976090747459,11.318356890660752
SEN_demand_SIN,2026-04-04,Holy Saturday,1.2183545105363442,-0.0513156887517679,5,10,3.2942083967043403,7.883652965376492,-2.8061926139964353,-7.880989331378306,19.40877272187005,13.644881026624178,13.644881026624178,12.960909681142518,11.592966990179187,11.921111358572105,12.764965201444468,11.921111358572105,12.764965201444468,3.872161942906967,2.8956543162727413,2.8956543162727413,5.198357123608145,4.253911317202446,6.566418928864935,6.696610372685266,5.494480419638957,9.73697816077875
SEN_demand_SIN,2026-05-01,Labor Day,5.544398416845539,-5.485066602880629,5,5,13.948327748414755,15.323332558609613,13.948327748414755,15.323332558609613,4.448654974110305,3.934122662752991,3.934122662752991,8.779124390389512,4.521095340926876,13.948327748414755,15.323332558609613,13.948327748414755,15.323332558609613,4.448654974110305,3.934122662752991,3.934122662752991,8.779124390389512,4.521095340926876,10.863659408084478,9.922213949768244,10.863659408084478,9.922213949768244
